company,location,industry,total_laid_off,percentage_laid_off,date,stage,country,funds_raised_millions,id
Bitso,"Mexico City",crypto,80,0.11,2022-05-26,"Series C",Mexico,378,1094
BitTitan,Seattle,Data,70,0.27,2021-11-18,Acquired,"United States",46,1097
Bizzabo,"New York City",Marketing,100,0.37,2022-12-01,"Series E","United States",194,1100
Bizzabo,"New York City",Marketing,120,0.3,2022-07-05,"Series E","United States",194,1105
Blackbaud,Charleston,Other,500,0.14,NULL,Post-IPO,"United States",NULL,1107
BlackLine,"Los Angeles",Finance,95,0.05,2022-12-08,"Private Equity","United States",220,1109
Blend,"SF Bay Area",Finance,100,0.06,2022-11-10,Post-IPO,"United States",665,1112
Blend,"SF Bay Area",Finance,200,0.1,2022-04-19,Post-IPO,"United States",665,1118
Blend,"SF Bay Area",Finance,220,0.12,2022-08-15,Post-IPO,"United States",665,1119
Blend,"SF Bay Area",Finance,340,0.28,2023-01-10,Post-IPO,"United States",665,1121
Blockchain.com,London,crypto,110,0.28,2023-01-12,"Series D","United Kingdom",490,1124
Blockchain.com,London,crypto,150,0.25,2022-07-21,"Series D","United Kingdom",490,1127
BlockFi,"New York City",crypto,250,0.2,2022-06-13,"Series E","United States",1000,1129
BloomTech,"SF Bay Area",Education,88,0.5,2022-12-01,Unknown,"United States",NULL,1132
Blueground,"New York City","Real Estate",130,0.25,2020-03-27,"Series B","United States",77,1135
"Blume Global","SF Bay Area",Logistics,30,0.1,2020-03-30,Unknown,"United States",NULL,1140
Bluprint,Denver,Education,137,1,2020-05-26,Acquired,"United States",108,1142
Bolt,"SF Bay Area",Finance,50,0.1,2023-01-24,"Series E","United States",1300,1144
Bolt,"SF Bay Area",Finance,240,0.27,2022-05-25,"Series E","United States",1300,1146
Bonsai,Toronto,Retail,29,0.34,2022-04-26,"Series A",Canada,27,1148
Bonsai,Toronto,Retail,30,0.55,2022-06-20,"Series A",Canada,27,1151
Bonterra,Austin,Other,140,0.1,2023-01-13,Unknown,"United States",NULL,1152
BookClub,"Salt Lake City",Education,12,0.25,2022-05-31,"Series A","United States",26,1154
Booking.com,Amsterdam,Travel,4375,0.25,2020-07-30,Acquired,Netherlands,NULL,1157
BookMyShow,Mumbai,Consumer,270,0.18,2020-05-28,Unknown,India,224,1167
Boozt,Malmo,Retail,70,0.05,2022-06-09,Post-IPO,Sweden,56,1172
Borrowell,Toronto,Finance,15,0.2,2020-04-06,"Series B",Canada,72,1176
Bounce,Bengaluru,Transportation,40,0.05,2023-01-06,"Series D",India,214,1178
Bounce,Bengaluru,Transportation,130,0.22,2020-06-29,"Series D",India,214,1179
Bounce,Bengaluru,Transportation,200,0.4,2021-02-22,"Series D",India,214,1183
BounceX,"New York City",Marketing,77,0.2,2020-04-06,"Series B","United States",75,1185
Branch,"New York City",Retail,3,0.27,2020-06-11,Seed,"United States",2,1188
"Branch Metrics","SF Bay Area",Marketing,100,0.2,2020-04-07,"Series E","United States",367,1192
"Brave Care",Portland,Healthcare,40,0.33,2022-09-06,"Series B","United States",42,1199
Breathe,"New Delhi",Healthcare,50,0.33,2022-06-14,"Series A",India,6,1203
Breather,Montreal,"Real Estate",120,0.8,2020-12-16,"Series D",Canada,131,1205
&Open,Dublin,Marketing,9,0.09,2022-11-17,"Series A",Ireland,35,1206
Brex,"SF Bay Area",Finance,62,0.15,2020-05-29,"Series C","United States",732,1207
#Paid,Toronto,Marketing,19,0.17,2023-01-27,"Series B",Canada,21,1208
Brex,"SF Bay Area",Finance,136,0.11,2022-10-11,"Series D","United States",1500,1209
"10X Genomics","SF Bay Area",Healthcare,100,0.08,2022-08-04,Post-IPO,"United States",242,1211
"Bridge Connector",Nashville,Healthcare,154,1,2020-11-17,"Series B","United States",45,1212
1stdibs,"New York City",Retail,70,0.17,2020-04-02,"Series D","United States",253,1214
Bridgit,Waterloo,Construction,13,0.13,2022-12-06,"Series B",Canada,36,1215
"Bright Machines","SF Bay Area",Data,30,0.08,2022-06-28,Unknown,Israel,250,1217
2TM,"Sao Paulo",crypto,90,0.12,2022-06-01,Unknown,Brazil,250,1222
"Bright Money",Bengaluru,Finance,100,0.5,2022-07-15,"Series A",India,31,1223
2TM,"Sao Paulo",crypto,100,0.15,2022-09-01,Unknown,Brazil,250,1226
Brighte,Sydney,Energy,30,0.15,2022-06-20,"Series C",Australia,145,1227
54gene,"Washington D.C.",Healthcare,95,0.3,2022-08-29,"Series B","United States",44,1229
Bringg,"Tel Aviv",Logistics,10,0.1,2020-04-21,"Series D",Israel,84,1230
6sense,"SF Bay Area",Sales,150,0.1,2022-10-12,"Series E","United States",426,1232
Britishvolt,London,Transportation,206,1,2023-01-17,Unknown,"United Kingdom",2400,1233
8x8,"SF Bay Area",Support,155,0.07,2023-01-18,Post-IPO,"United States",253,1235
Briza,Toronto,Finance,26,0.4,2022-12-20,"Series A",Canada,10,1236
Bryter,Berlin,Product,100,0.3,2022-07-13,"Series B",Germany,89,1238
8x8,"SF Bay Area",Support,200,0.09,2022-10-04,Post-IPO,"United States",253,1239
Buenbit,"Buenos Aires",crypto,80,0.45,2022-05-23,"Series A",Argentina,11,1240
99,"Sao Paulo",Transportation,75,0.02,2022-09-20,Acquired,Brazil,244,1242
Builder,"Los Angeles",Product,39,0.14,2020-06-04,"Series A","United States",29,1243
Abra,"SF Bay Area",crypto,12,0.05,2022-06-30,"Series C","United States",106,1244
"Built In",Chicago,Recruiting,50,0.25,2022-10-05,"Series C","United States",29,1246
Acast,Stockholm,Media,70,0.15,2022-09-15,Post-IPO,Sweden,126,1247
Bullish,"Hong Kong",crypto,30,0.08,2022-07-05,Unknown,"Hong Kong",300,1248
Acko,Mumbai,Finance,45,0.09,2020-04-01,Unknown,India,143,1250
Ada,Toronto,Support,78,0.16,2022-09-20,"Series C",Canada,190,1252
BusBud,Montreal,Transportation,23,0.32,2020-04-06,"Series B",Canada,21,1253
"Ada Support",Toronto,Support,36,0.23,2020-04-24,"Series B",Canada,60,1254
"Daniel Wellington",Stockholm,Retail,200,0.15,2022-06-09,Unknown,Sweden,NULL,1255
"Adaptive Biotechnologies",Seattle,Healthcare,100,0.12,2022-03-08,Post-IPO,"United States",406,1256
"Dapper Labs",Vancouver,crypto,134,0.22,2022-11-02,"Series D","United States",607,1257
Buser,"Sao Paulo",Transportation,160,0.3,2022-12-08,"Series C",Brazil,138,1258
Addepar,"SF Bay Area",Finance,20,0.03,2023-01-18,"Series F","United States",491,1259
"Bustle Digital Group","New York City",Media,24,0.08,2020-04-03,"Series E","United States",80,1260
Dark,"SF Bay Area",Product,6,1,2020-06-23,Seed,"United States",3,1261
AdRoll,"Salt Lake City",Marketing,210,0.3,2020-03-31,"Series C","United States",89,1262
"Butler Hospitality","New York City",Food,1000,1,2022-07-08,"Series B","United States",50,1263
Advata,Seattle,Healthcare,32,0.21,2022-10-28,NULL,"United States",NULL,1264
Button,"New York City",Marketing,48,0.35,2020-04-08,"Series C","United States",64,1265
DataRails,"Tel Aviv",Finance,30,0.18,2022-12-05,"Series B",Israel,103,1266
Affirm,"SF Bay Area",Finance,500,0.19,2023-02-08,Post-IPO,"United States",1500,1267
DataRobot,Boston,Data,70,0.07,2022-05-11,"Series G","United States",1000,1268
Afterverse,Brasilia,Consumer,60,0.2,2022-06-03,Unknown,Brazil,NULL,1269
"Buy.com / Rakuten","SF Bay Area",Retail,87,1,2020-07-30,Acquired,"United States",42,1270
Dazn,London,Consumer,50,0.02,2022-05-26,Unknown,"United Kingdom",NULL,1271
Agoda,Singapore,Travel,1500,0.25,2020-05-18,Acquired,Singapore,NULL,1272
DealShare,Bengaluru,Retail,100,0.06,2023-01-27,"Series E",India,390,1273
Ahead,"SF Bay Area",Healthcare,44,1,2022-04-14,Unknown,"United States",9,1274
"Definitive Healthcare",Boston,Healthcare,55,0.06,2023-01-12,Post-IPO,"United States",NULL,1275
BuzzFeed,"New York City",Media,180,0.12,2022-12-06,Post-IPO,"United States",696,1276
Airbnb,"SF Bay Area",Travel,1900,0.25,2020-05-05,"Private Equity","United States",5400,1277
BVAccel,"San Diego",Marketing,25,0.25,2020-04-08,Unknown,"United States",NULL,1278
Airtable,"SF Bay Area",Product,254,0.2,2022-12-08,"Series F","United States",1400,1279
Airtime,"New York City",Consumer,30,0.2,2022-05-23,"Series B","United States",33,1280
Bybit,Singapore,crypto,600,0.3,2022-06-20,Unknown,Singapore,NULL,1281
Byju's,Bengaluru,Education,2500,0.05,2022-10-12,"Private Equity",India,5500,1282
Ajaib,Jakarta,Finance,67,0.08,2022-11-28,Unknown,Indonesia,245,1283
C2FO,"Kansas City",Finance,20,0.02,2022-12-09,"Series H","United States",537,1284
Deliv,"SF Bay Area",Retail,669,1,2020-05-13,"Series C","United States",80,1285
"Akili Labs",Baltimore,Healthcare,46,0.3,2023-01-12,Seed,"United States",NULL,1286
"C6 Bank","Sao Paulo",Finance,60,0.06,2020-04-06,Unknown,Brazil,NULL,1287
Deliveroo,London,Food,350,0.09,2023-02-09,Post-IPO,"United Kingdom",1700,1288
Cadre,"New York City","Real Estate",28,0.25,2020-05-11,"Series C","United States",133,1289
Deliveroo,London,Food,367,0.15,2020-04-28,"Series G","United Kingdom",1500,1290
AlayaCare,Montreal,Healthcare,80,0.14,2022-08-16,"Series D",Canada,293,1291
"Deliveroo Australia",Melbourne,Food,120,1,2022-11-15,Post-IPO,Australia,1700,1292
Albert,"Los Angeles",Finance,20,0.08,2022-06-10,"Series C","United States",175,1293
Calibrate,"New York City",Healthcare,156,0.24,2022-07-08,"Series B","United States",127,1294
"Delivery Hero",Berlin,Food,156,0.04,2023-01-30,Post-IPO,Germany,9900,1295
Alice,"Sao Paulo",Healthcare,113,0.16,2022-12-09,"Series C",Brazil,174,1296
"Callisto Media","SF Bay Area",Media,140,0.35,2022-07-21,"Series D","United States",NULL,1297
Dell,Austin,Hardware,6650,0.05,2023-02-06,Post-IPO,"United States",NULL,1298
"AliExpress Russia",Moscow,Retail,400,0.4,2022-05-14,Acquired,Russia,60,1299
Demandbase,"SF Bay Area",Sales,27,0.03,2022-09-07,"Series H","United States",143,1300
"Alto Pharmacy","SF Bay Area",Healthcare,47,0.06,2020-09-29,"Series D","United States",356,1301
Calm,"SF Bay Area",Healthcare,90,0.2,2022-08-11,"Series C","United States",218,1302
Deputy,Sydney,HR,60,0.3,2020-05-04,"Series B",Australia,106,1303
Amazon,Seattle,Retail,8000,0.02,2023-01-04,Post-IPO,"United States",108,1304
Cameo,Chicago,Consumer,87,0.25,2022-05-04,Unknown,"United States",165,1305
"Descartes Labs","Santa Fe",Data,12,0.16,2020-06-02,"Series B","United States",58,1306
"Candy Digital","New York City",crypto,33,0.33,2022-11-28,"Series A","United States",100,1307
DialSource,Sacramento,Marketing,5,0.14,2020-03-31,"Series B","United States",26,1308
Amazon,Seattle,Retail,10000,0.03,2022-11-16,Post-IPO,"United States",108,1309
Canoo,"Los Angeles",Transportation,58,0.06,2022-07-01,Post-IPO,"United States",300,1310
"Digital Currency Gruop",Stamford,crypto,10,0.13,2022-11-02,Unknown,"United States",NULL,1311
Amdocs,"St. Louis",Support,700,0.03,2023-01-02,Post-IPO,"United States",NULL,1313
DigitalOcean,"New York City",Infrastructure,200,0.11,2023-02-15,Post-IPO,"United States",491,1314
Capitolis,"New York City",Finance,37,0.25,2022-11-17,"Series D","United States",281,1316
CaptivateIQ,"SF Bay Area",Sales,31,0.1,2022-11-15,"Series C","United States",164,1317
"Divergent 3D","Los Angeles",Transportation,57,0.36,2020-04-24,"Series B","United States",88,1318
"Carbon Health","SF Bay Area",Healthcare,250,0.08,2022-06-02,"Series D","United States",522,1319
"American Robotics",Boston,Other,50,0.65,2023-01-17,Acquired,"United States",92,1320
Careem,Dubai,Transportation,536,0.31,2020-05-04,Acquired,"United Arab Emirates",771,1321
"Divvy Homes","SF Bay Area","Real Estate",40,0.12,2022-09-27,"Series B","United States",180,1323
Amount,Chicago,Finance,130,0.25,2023-02-27,Unknown,"United States",283,1324
"Career Karma","SF Bay Area",Education,60,0.33,2022-07-28,"Series B","United States",51,1325
Dock,"Sao Paulo",Finance,190,0.12,2022-11-07,"Private Equity",Brazil,280,1326
Amperity,Seattle,Marketing,13,0.03,2022-08-20,"Series D","United States",187,1327
Docly,London,Healthcare,8,0.8,2020-08-19,Seed,"United Kingdom",16,1329
Amplero,Seattle,Marketing,17,1,2020-03-29,"Series B","United States",25,1330
DocuSign,"SF Bay Area",Sales,671,0.09,2022-09-28,Post-IPO,"United States",536,1331
CarGurus,Boston,Transportation,130,0.13,2020-04-16,Post-IPO,"United States",1,1332
Andela,"New York City",Recruiting,135,0.1,2020-05-05,"Series D","United States",181,1333
Carousell,Singapore,Retail,110,0.1,2022-12-01,"Private Equity",Singapore,372,1334
Anodot,"Tel Aviv",Data,35,0.27,2022-07-06,"Series C","United States",64,1335
Cars24,Gurugram,Transportation,600,0.06,2022-05-19,"Series G",India,1300,1336
"Antidote Health","Tel Aviv",Healthcare,23,0.38,2022-10-23,Unknown,Israel,36,1338
"Apartment List","SF Bay Area","Real Estate",29,0.1,2022-08-31,"Series D","United States",169,1340
Carta,"SF Bay Area",Finance,161,0.16,2020-04-15,"Series E","United States",447,1341
DocuSign,"SF Bay Area",Sales,680,0.1,2023-02-16,Post-IPO,"United States",536,1342
Carvana,Phoenix,Transportation,2500,0.12,2022-05-10,Post-IPO,"United States",1600,1343
Carvana,Phoenix,Transportation,1500,0.08,2022-11-18,Post-IPO,"United States",1600,1344
Doma,"SF Bay Area",Finance,250,0.13,2022-08-04,Post-IPO,"United States",679,1345
Carwow,London,Transportation,70,0.2,2022-11-25,Unknown,"United Kingdom",157,1347
Doma,"SF Bay Area",Finance,310,0.15,2022-05-10,Post-IPO,"United States",679,1348
Doma,"SF Bay Area",Finance,515,0.4,2022-12-06,Post-IPO,"United States",679,1350
Casper,"New York City",Retail,78,0.21,2020-04-21,Post-IPO,"United States",339,1351
Domestika,"SF Bay Area",Education,150,0.19,2022-04-28,"Series D","United States",130,1352
Domo,"Salt Lake City",Data,90,0.1,2020-04-09,Post-IPO,"United States",689,1353
Cazoo,London,Transportation,750,0.15,2022-06-07,Post-IPO,"United Kingdom",2000,1354
Celsius,"New York City",crypto,150,0.25,2022-07-03,"Series B","United States",864,1355
DoorDash,"SF Bay Area",Food,1250,0.06,2022-11-30,Post-IPO,"United States",2500,1356
Cerebral,"SF Bay Area",Healthcare,285,0.15,2023-02-27,"Series C","United States",462,1357
Dotscience,London,Product,10,1,2020-05-19,Unknown,"United Kingdom",NULL,1358
Cerebral,"SF Bay Area",Healthcare,400,0.2,2022-10-24,"Series C","United States",462,1359
Dover,"SF Bay Area",Recruiting,23,0.3,2022-07-26,"Series A","United States",22,1360
Chainalysis,"New York City",crypto,44,0.05,2023-02-01,"Series F","United States",536,1361
DraftKings,Boston,Consumer,140,0.04,2023-02-01,Post-IPO,"United States",719,1362
Dropbox,"SF Bay Area",Other,315,0.15,2021-01-13,Post-IPO,"United States",1700,1363
Dutchie,Bend,Other,50,0.07,2022-06-06,"Series D","United States",603,1364
Chargebee,"SF Bay Area",Finance,142,0.1,2022-11-02,"Series H","United States",468,1365
"Dynamic Signal","SF Bay Area",HR,35,0.19,2020-04-02,"Series E","United States",114,1366
Checkmarx,"Tel Aviv",Security,100,0.1,2022-11-02,"Series C",Israel,92,1367
Earnin,"SF Bay Area",Finance,50,0.2,2020-04-01,"Series C","United States",190,1368
EasyPost,"SF Bay Area",Logistics,50,0.25,2020-04-13,"Series A","United States",12,1369
"Happy Money","Los Angeles",Finance,158,0.34,2022-11-30,"Series D","United States",191,1370
Eatsy,Singapore,Food,20,1,2020-08-08,Seed,Singapore,1,1371
Checkout.com,London,Finance,100,0.05,2022-09-13,"Series D","United Kingdom",1800,1372
Ebanx,Curitiba,Finance,62,0.08,2020-05-27,Unknown,Brazil,30,1373
Harappa,"New Delhi",Education,60,0.3,2023-01-03,Acquired,India,NULL,1374
Ebanx,Curitiba,Finance,340,0.2,2022-06-21,"Series B",Brazil,460,1375
Checkr,"SF Bay Area",HR,64,0.12,2020-07-23,"Series D","United States",309,1376
Hash,"Sao Paulo",Finance,58,0.5,2022-08-01,"Series C",Brazil,58,1377
Chime,"SF Bay Area",Finance,156,0.12,2022-11-02,"Series G","United States",2300,1378
eBay,"SF Bay Area",Retail,500,0.04,2023-02-07,Post-IPO,"United States",1200,1379
Headspace,"Los Angeles",Healthcare,50,0.04,2022-12-14,Unknown,"United States",215,1380
Ecobee,Toronto,Energy,47,0.1,2020-03-26,"Series C",Canada,149,1381
"Eden / Managed By Q","New York City","Real Estate",40,0.4,2020-04-08,"Series B","United States",40,1382
Edgio,Phoenix,Infrastructure,95,0.1,2022-12-13,Post-IPO,"United States",462,1383
eGym,Munich,Fitness,100,0.25,2020-04-02,"Series D",Germany,109,1384
Ejento,"SF Bay Area",Recruiting,84,1,2020-03-19,Unknown,"United States",NULL,1385
"Chipper Cash","SF Bay Area",Finance,50,0.125,2022-12-06,"Series C","United States",302,1386
HealthMatch,Sydney,Healthcare,18,0.5,2022-06-28,"Series B",Australia,20,1387
Electric,"New York City",Other,141,0.25,2023-02-13,"Series D","United States",212,1388
"Chipper Cash","SF Bay Area",Finance,100,0.33,2023-02-17,"Series C","United States",302,1389
"Element AI",Montreal,Other,62,0.15,2020-05-04,"Series B",Canada,257,1390
Help.com,Austin,Support,16,1,2020-03-16,Seed,"United States",6,1391
"App Annie","SF Bay Area",Data,80,0.18,2020-04-28,Unknown,"United States",156,1392
Elementor,"Tel Aviv",Media,60,0.15,2022-06-15,Unknown,Israel,65,1393
"Her Campus Media",Boston,Media,10,0.18,2020-06-10,Unknown,"United States",NULL,1394
Elinvar,Berlin,Finance,43,0.33,2022-10-21,Unknown,Germany,30,1395
Appgate,Miami,Security,34,0.08,2023-02-01,Post-IPO,"United States",NULL,1396
Heroes,London,Retail,24,0.2,2022-07-15,Unknown,"United States",265,1397
Chope,Singapore,Food,65,0.24,2022-12-20,"Series E",Singapore,50,1398
"Embark Trucks","SF Bay Area",Transportation,230,0.7,2023-03-03,Post-IPO,"United States",317,1399
Hibob,"Tel Aviv",HR,70,0.3,2020-03-30,"Series A",Israel,45,1400
AppGate,Miami,Security,130,0.22,2022-07-21,Post-IPO,"United States",NULL,1401
Embroker,"SF Bay Area",Finance,30,0.12,2022-10-25,"Series C","United States",142,1402
AppLovin,"SF Bay Area",Marketing,300,0.12,2022-06-27,Post-IPO,"United States",1600,1403
ChowNow,"Los Angeles",Food,40,0.1,2022-12-14,"Series C","United States",64,1404
Emotive,"Los Angeles",Marketing,30,0.18,2022-07-07,"Series B","United States",78,1405
ApplyBoard,Waterloo,Education,90,0.06,2022-11-28,"Series D",Canada,483,1406
ChowNow,"Los Angeles",Food,100,0.2,2022-07-13,"Series C","United States",64,1407
"EMX Digital","New York City",Marketing,100,1,2023-02-13,Unknown,"United States",NULL,1408
Enjoei,"Sao Paulo",Retail,31,0.1,2023-01-20,Unknown,Brazil,14,1409
Chrono24,Karlsruhe,Retail,65,0.13,2023-01-30,"Series C",Germany,205,1410
Highsnobiety,Berlin,Media,51,0.25,2020-04-01,"Series A",Germany,9,1411
Enjoy,"SF Bay Area",Retail,400,0.18,2022-06-30,Post-IPO,"United States",310,1412
Cisco,"SF Bay Area",Infrastructure,4100,0.05,2022-11-16,Post-IPO,"United States",2,1413
"Citrine Informatics","SF Bay Area",Data,22,0.27,2023-01-20,"Series C","United States",64,1414
CityMall,Gurugram,Retail,191,0.3,2022-06-19,"Series C",India,112,1415
"Clarify Health","SF Bay Area",Healthcare,15,0.05,2022-07-22,"Series D","United States",328,1416
Envoy,"SF Bay Area",HR,58,0.3,2020-04-14,"Series B","United States",59,1417
Highspot,Seattle,Sales,100,0.1,2023-02-02,"Series F","United States",644,1418
Equitybee,"SF Bay Area",Finance,24,0.25,2023-02-08,"Series B","United States",85,1419
ClassPass,"New York City",Fitness,154,0.22,2020-04-02,"Series E","United States",549,1420
"Hippo Insurance","SF Bay Area",Finance,70,0.1,2022-08-31,Post-IPO,"United States",1300,1421
Equitybee,"SF Bay Area",Finance,25,0.2,2022-10-31,"Series B","United States",85,1422
Clear,Bengaluru,Finance,190,0.2,2022-09-16,"Series C",India,140,1423
Aqgromalin,Chennai,Food,80,0.3,2022-06-20,Unknown,India,12,1424
Hirect,Bengaluru,Recruiting,200,0.4,2022-11-28,"Series A",India,NULL,1425
EquityZen,"New York City",Finance,30,0.27,2022-10-31,"Series B","United States",11,1426
"Clear Capital",Reno,"Real Estate",250,0.25,2023-01-25,Unknown,"United States",NULL,1427
"Aqua Security",Boston,Security,65,0.1,2022-12-05,"Series E","United States",265,1428
Hireology,Chicago,Recruiting,36,0.17,2020-05-12,"Series D","United States",52,1429
Ericsson,Stockholm,Other,8500,0.08,2023-02-24,Post-IPO,Sweden,663,1430
"Clear Capital",Reno,"Real Estate",378,0.27,2022-10-14,Unknown,"United States",NULL,1431
"Aqua Security","Tel Aviv",Security,24,0.09,2020-04-01,"Series C",Israel,100,1432
Hodlnaut,Singapore,crypto,40,0.8,2022-08-19,Unknown,Singapore,NULL,1433
Hologram,Chicago,Infrastructure,80,0.4,2022-06-09,"Series B","United States",82,1434
Homebot,Denver,"Real Estate",18,0.13,2022-12-19,Acquired,"United States",4,1435
"Argo AI",Pittsburgh,Transportation,150,0.05,2022-07-07,Unknown,"United States",3600,1436
Homie,"Salt Lake City","Real Estate",40,0.13,2022-10-04,"Series B","United States",35,1437
Ermetic,"SF Bay Area",Security,30,0.17,2023-01-23,"Series B","United States",97,1438
Argyle,"New York City",Finance,20,0.07,2022-08-26,"Series B","United States",78,1439
Homie,"Salt Lake City","Real Estate",119,0.29,2022-02-14,"Series B","United States",35,1440
"Ethos Life","SF Bay Area",Finance,18,0.14,2020-06-05,"Series C","United States",106,1441
Armis,"SF Bay Area",Security,25,0.04,2022-12-08,"Private Equity","United States",537,1442
HOOQ,Singapore,Consumer,250,1,2020-03-27,Unknown,Singapore,95,1443
"Ethos Life","SF Bay Area",Finance,40,0.12,2022-06-24,"Series D","United States",406,1444
Hootsuite,Vancouver,Marketing,50,0.05,2022-11-01,"Series C",Canada,300,1445
eToro,"Tel Aviv",Finance,100,0.06,2022-07-05,Unknown,Israel,322,1446
Hootsuite,Vancouver,Marketing,70,0.07,2023-01-18,"Series C",Canada,300,1447
Arrival,London,Transportation,800,0.5,2023-01-30,Post-IPO,"United Kingdom",629,1448
Hootsuite,Vancouver,Marketing,400,0.3,2022-08-09,"Series C",Canada,300,1449
Eucalyptus,Sydney,Healthcare,50,0.2,2022-07-22,"Series C","United States",69,1450
"Arrive Logistics",Austin,Logistics,75,0.07,2020-04-03,"Series B","United States",35,1451
Hopin,London,Other,138,0.12,2022-02-10,"Series D","United States",1000,1452
Eventbrite,"SF Bay Area",Consumer,80,0.08,2023-02-28,Post-IPO,"United States",557,1453
Article,Vancouver,Retail,216,0.17,2022-08-04,"Series B",Canada,NULL,1454
Hopin,London,Other,242,0.29,2022-07-11,"Series D","United Kingdom",1000,1455
Artnight,Berlin,Retail,26,0.36,2022-08-31,Unknown,Germany,NULL,1456
HopSkipDrive,"Los Angeles",Transportation,8,0.1,2020-03-13,Unknown,"United States",45,1457
Eventbrite,"SF Bay Area",Consumer,500,0.45,2020-04-08,Post-IPO,"United States",332,1458
Asana,"SF Bay Area",Other,180,0.09,2022-11-15,Post-IPO,"United States",453,1459
"Horizn Studios",Berlin,Travel,15,0.25,2020-04-24,"Series B",Germany,30,1460
Everlane,"SF Bay Area",Retail,30,0.17,2023-01-05,Unknown,"United States",176,1461
Hotmart,"Belo Horizonte",Marketing,227,0.12,2022-10-20,"Series C",Brazil,127,1462
Exodus,"Nebraska City",crypto,59,0.22,2022-11-04,Unknown,"United States",60,1463
Houzz,"SF Bay Area",Consumer,95,0.08,2022-12-07,"Series E","United States",613,1464
Exotel,Bengaluru,Support,142,0.15,2023-01-17,"Series D",India,87,1465
Houzz,"SF Bay Area",Consumer,155,0.1,2020-04-21,"Series E","United States",613,1466
Exterro,Portland,Legal,24,0.03,2023-02-01,"Private Equity","United States",100,1467
Astra,"SF Bay Area",Aerospace,40,0.25,2020-04-05,Unknown,"United States",100,1468
Hubba,Toronto,Retail,45,1,2021-02-01,"Series B",Canada,61,1469
Astronomer,Cincinnati,Data,76,0.2,2023-01-04,"Series C","United States",282,1470
Hubilo,"SF Bay Area",Marketing,45,0.12,2022-07-12,"Series B","United States",153,1471
Hubilo,"SF Bay Area",Other,115,0.35,2023-01-19,"Series B","United States",153,1472
ezCater,Boston,Food,400,0.44,2020-04-07,"Series D","United States",319,1473
HubSpot,Boston,Marketing,500,0.07,2023-01-31,Post-IPO,"United States",100,1474
F5,Seattle,Security,100,0.01,2022-10-21,Post-IPO,"United States",NULL,1475
Huobi,Beijing,crypto,275,0.2,2023-01-06,Unknown,China,2,1476
Clearbanc,Toronto,Finance,17,0.08,2020-04-13,"Series B",Canada,119,1477
Atlassian,Sydney,Other,500,0.05,2023-03-06,Post-IPO,Australia,210,1478
Clearco,Toronto,Fin-Tech,125,0.25,2022-07-29,"Series C",Canada,681,1479
Huobi,Beijing,crypto,300,0.3,2022-06-28,Unknown,China,2,1480
AtoB,"SF Bay Area",Finance,32,0.3,2022-10-19,"Series B","United States",177,1481
FabHotels,"New Delhi",Travel,80,0.2,2020-03-30,"Series B",India,48,1482
Hyperscience,"New York City",Data,100,0.25,2022-03-03,"Series E","United States",289,1483
Atsu,Seattle,Infrastructure,6,1,2020-04-10,Unknown,"United States",1,1484
ClearCo,Toronto,Finance,50,0.3,2023-01-16,"Series C",Canada,698,1485
Fabric,"New York City",Logistics,120,0.4,2022-07-13,"Series C","United States",336,1486
AU10TIX,"Tel Aviv",Security,19,0.09,2023-01-31,Unknown,Israel,80,1487
IBM,"New York City",Hardware,3900,0.02,2023-01-25,Post-IPO,"United States",NULL,1488
Facily,"Sao Paulo",Retail,260,0.3,2022-04-20,"Series D",Brazil,502,1489
Augury,"New York City",Manufacturing,20,0.05,2023-01-04,"Series E","United States",274,1490
Ibotta,Denver,Retail,87,0.15,2020-04-07,"Series D","United States",85,1491
Faire,"SF Bay Area",Retail,84,0.07,2022-10-18,"Series G","United States",1700,1492
iFit,Logan,Fitness,300,0.2,2022-11-14,"Private Equity","United States",200,1493
FarEye,"New Delhi",Logistics,250,0.3,2022-06-10,"Series E",India,150,1494
Iflix,"Kuala Lumpur",Consumer,50,0.12,2020-04-04,Unknown,Malaysia,348,1495
Aura,Boston,Security,70,0.09,2022-06-23,"Series F","United States",500,1496
"Fate Therapeutics","San Diego",Healthcare,315,0.57,2023-01-09,Post-IPO,"United States",1200,1497
iFood,"Sao Paulo",Food,355,0.06,2023-03-01,Subsidiary,Brazil,2100,1498
CleverTap,Mumbai,Marketing,60,0.2,2020-04-16,"Series C",India,76,1499
Ike,"SF Bay Area",Transportation,10,0.14,2020-04-22,"Series A","United States",52,1500
ClickUp,"San Diego",Other,60,0.07,2022-05-23,"Series C","United States",537,1501
Clinc,"Ann Arbor",Support,40,0.32,2020-04-09,"Series B","United States",59,1502
Autodesk,"SF Bay Area",Other,250,0.02,2023-02-02,Post-IPO,"United States",NULL,1503
"Fifth Season",Pittsburgh,Food,100,1,2022-10-28,"Series B","United States",35,1504
"Finite State",Columbus,Security,16,0.2,2022-06-17,"Series B","United States",49,1505
"Automation Anywhere","SF Bay Area",Other,260,0.1,2020-04-27,"Series B","United States",840,1506
Illumina,"San Diego",Healthcare,500,0.05,2022-11-14,Post-IPO,"United States",28,1507
Cloudinary,"SF Bay Area",Media,40,0.08,2022-11-14,Unknown,"United States",100,1508
"Finleap Connect",Hamburg,Finance,14,0.1,2022-06-30,"Series A",Germany,22,1509
Clue,Berlin,Healthcare,31,0.31,2023-01-18,Unknown,Germany,47,1510
"Avantage Entertainment",Minneapolis,Media,5,0.2,2020-04-03,Unknown,"United States",NULL,1511
"Immersive Labs",Bristol,Security,38,0.1,2022-08-30,"Series C","United Kingdom",123,1512
Fireblocks,"New York City",crypto,30,0.05,2023-02-20,"Series E","United States",1000,1513
Immutable,Sydney,crypto,20,0.06,2022-07-26,"Series C",Australia,279,1514
Fittr,Pune,Fitness,30,0.11,2023-03-02,"Series A",India,13,1515
AvantStay,"Los Angeles",Travel,144,0.22,2022-11-09,"Private Equity","United States",686,1516
Clutch,Toronto,Transportation,76,0.22,2022-06-29,"Series B",Canada,153,1517
Fiverr,"Tel Aviv",Other,60,0.08,2022-07-26,Post-IPO,Israel,111,1518
Impala,London,Travel,30,0.35,2022-06-01,"Series B","United Kingdom",32,1519
Avo,"Tel Aviv",Food,500,0.67,2022-05-01,"Series B",Israel,45,1520
Flexport,"SF Bay Area",Logistics,640,0.2,2023-01-11,"Series E","United States",2400,1521
Away,"New York City",Retail,60,0.1,2020-04-07,"Series D","United States",181,1522
"Impossible Foods","SF Bay Area",Food,50,0.06,2022-10-06,"Series H","United States",1900,1523
CNET,"SF Bay Area",Media,12,0.1,2023-03-02,Acquired,"United States",20,1524
Code42,Minneapolis,Data,25,0.05,2020-04-09,"Series B","United States",138,1525
Aya,Toronto,Finance,5,0.25,2020-11-19,Seed,"United States",3,1526
"Impossible Foods copy","SF Bay Area",Food,140,0.2,2023-01-30,"Series H","United States",1900,1527
Flipboard,"SF Bay Area",Media,24,0.21,2022-10-16,Unknown,"United States",235,1528
"Coding Dojo",Seattle,Education,7,0.07,2020-04-02,Unknown,"United States",2,1529
"Incredible Health","SF Bay Area",Healthcare,9,0.4,2020-04-01,"Series A","United States",15,1530
Cogito,Boston,Support,24,0.14,2020-04-06,"Series C","United States",92,1531
InDebted,Sydney,Finance,40,0.17,2022-07-26,"Series B",Australia,41,1532
Cognyte,"Tel Aviv",Security,100,0.05,2022-12-02,Unknown,Israel,NULL,1533
B8ta,"SF Bay Area",Retail,250,0.5,2020-03-26,"Series C","United States",88,1534
Coinbase,"SF Bay Area",crypto,950,0.2,2023-01-10,Post-IPO,"United States",549,1535
Industrious,"New York City","Real Estate",90,0.2,2020-04-02,"Series D","United States",222,1536
Infarm,Berlin,Other,50,0.05,2022-09-14,"Series D",Germany,604,1537
"Back Market",Paris,Retail,93,0.13,2022-12-23,"Series E",France,1000,1538
Coinbase,"SF Bay Area",crypto,1100,0.18,2022-06-14,Post-IPO,"United States",549,1539
Infarm,Berlin,Other,500,0.5,2022-11-28,"Series D",Germany,604,1540
Banxa,Melbourne,crypto,70,0.3,2022-06-27,Post-IPO,Australia,13,1541
Flockjay,"SF Bay Area",Education,37,0.5,2021-08-24,"Series A","United States",14,1542
InfluxData,"SF Bay Area",Data,65,0.27,2022-11-10,"Series D","United States",119,1543
Bark,"New York City",Retail,126,0.12,2023-02-09,Post-IPO,"United States",NULL,1544
CoinJar,Melbourne,crypto,10,0.2,2022-11-29,Unknown,Australia,1,1545
Fluke,"Sao Paulo",Other,83,0.82,2022-08-17,Seed,Brazil,NULL,1546
Baton,"SF Bay Area",Transportation,16,0.25,2022-06-29,"Series A","United States",13,1547
Flyhomes,Seattle,"Real Estate",200,0.2,2022-07-20,"Series C","United States",310,1548
Flyhomes,Seattle,"Real Estate",300,0.4,2022-11-09,"Series C","United States",310,1549
"Beam Benefits",Columbus,Healthcare,31,0.08,2023-02-08,"Series E","United States",168,1550
Flymya,Yangon,Travel,200,0.33,2020-04-01,Unknown,Myanmar,NULL,1551
Coinsquare,Toronto,crypto,30,0.24,2022-07-27,Unknown,Canada,98,1552
Bench,Vancouver,Finance,47,0.1,2020-03-27,"Series B",Canada,49,1553
CommerceHub,Albany,Retail,371,0.31,2023-02-14,Acquired,"United States",NULL,1554
Informatica,"SF Bay Area",Data,450,0.07,2023-01-10,Post-IPO,"United States",NULL,1555
Benevity,Calgary,Other,137,0.14,2023-01-18,Unknown,Canada,69,1556
Flytedesk,Boulder,Marketing,4,0.2,2020-03-18,Seed,"United States",4,1557
Community,"Los Angeles",Marketing,40,0.3,2022-06-21,Unknown,"United States",40,1558
"Berlin Brands Group",Berlin,Retail,100,0.1,2022-06-10,Unknown,Germany,1000,1559
InfoSum,London,Security,20,0.12,2022-10-19,"Series B","United Kingdom",88,1560
Compass,"New York City","Real Estate",375,0.15,2020-03-23,"Series G","United States",1600,1561
Compass,"New York City","Real Estate",450,0.1,2022-06-14,Post-IPO,"United States",1600,1562
Innovaccer,"SF Bay Area",Healthcare,90,0.08,2022-09-01,"Series E","United States",379,1563
"Flywheel Sports","New York City",Fitness,784,0.98,2020-03-20,Acquired,"United States",120,1564
Bestow,Dallas,Finance,41,0.14,2022-06-24,"Series C","United States",137,1565
Innovaccer,"SF Bay Area",Healthcare,245,0.15,2023-01-24,"Series E","United States",379,1566
Flywire,Boston,Finance,60,0.12,2020-05-07,"Series E","United States",263,1567
Better.com,"New York City","Real Estate",900,0.09,2021-12-01,Unknown,"United States",905,1568
Innovid,"New York City",Marketing,40,0.1,2023-01-23,Post-IPO,"United States",295,1569
Compete,"Tel Aviv",HR,11,0.28,2022-09-12,"Series A",Israel,17,1570
Better.com,"New York City","Real Estate",3000,0.33,2022-03-08,Unknown,"United States",905,1571
Confluent,"SF Bay Area",Data,221,0.08,2023-01-26,Post-IPO,"United States",455,1572
Inspirato,Denver,Travel,109,0.12,2023-01-18,Post-IPO,"United States",179,1573
Food52,"New York City",Food,20,0.1,2022-04-08,Acquired,"United States",176,1574
Bevi,Boston,Food,30,0.2,2020-03-27,"Series C","United States",60,1575
Inspirato,Denver,Travel,130,0.22,2020-03-16,"Series C","United States",79,1576
Food52,"New York City",Food,21,0.15,2022-06-03,Acquired,"United States",176,1577
Foodsby,Minneapolis,Food,87,0.67,2020-03-24,"Series B","United States",20,1578
Connected,Toronto,Product,17,0.1,2020-04-08,Unknown,Canada,NULL,1579
Instamojo,Bengaluru,Finance,6,0.06,2020-04-02,Unknown,India,8,1580
ConsenSys,"New York City",crypto,91,0.14,2020-04-20,Unknown,"United States",10,1581
Instructure,"Salt Lake City",Education,150,0.12,2020-05-27,Acquired,"United States",89,1582
"Beyond Meat","Los Angeles",Food,200,0.19,2022-10-14,Post-IPO,"United States",122,1583
ConsenSys,"New York City",crypto,100,0.11,2023-01-10,"Series D","United States",726,1584
BeyondMinds,"Tel Aviv",Data,65,1,2022-05-23,"Series A",Israel,16,1585
Consider.co,"SF Bay Area",Other,13,1,2020-03-26,Seed,"United States",5,1586
Intapp,"SF Bay Area",Legal,45,0.05,2020-05-18,"Private Equity","United States",NULL,1587
ForeScout,"SF Bay Area",Security,100,0.1,2023-01-10,Post-IPO,"United States",125,1588
BharatAgri,Mumbai,Food,40,0.43,2023-01-15,"Series A",India,21,1589
"Integral Ad Science","New York City",Marketing,70,0.1,2020-05-14,Acquired,"United States",116,1590
BigCommerce,Austin,Retail,180,0.13,2022-12-15,Post-IPO,"United States",224,1591
ContaAzul,Joinville,Education,140,0.35,2020-04-17,"Series D",Brazil,37,1592
"Integral Ad Science","New York City",Marketing,120,0.13,2022-12-07,Acquired,"United States",116,1593
ContraFect,"New York City",Healthcare,16,0.37,2022-08-15,Post-IPO,"United States",380,1594
Convene,"New York City","Real Estate",150,0.18,2020-03-23,"Series D","United States",280,1595
Convoy,Seattle,Logistics,90,0.07,2022-06-09,"Series E","United States",1100,1596
BioMarin,"SF Bay Area",Healthcare,120,0.04,2022-10-07,Post-IPO,"United States",585,1597
Bird,"Los Angeles",Transportation,138,0.23,2022-06-07,Post-IPO,"United States",783,1598
"Coterie Insurance",Cincinnati,Finance,30,0.2,2022-05-25,"Series B","United States",70,1599
Crayon,Boston,Marketing,20,0.2,2020-04-01,"Series A","United States",16,1600
Intercom,"SF Bay Area",Support,39,0.06,2020-05-20,"Series D","United States",240,1601
Bird,"Los Angeles",Transportation,406,0.3,2020-03-27,"Series D","United States",623,1602
"Credit Sesame","SF Bay Area",Finance,22,0.14,2020-06-03,"Series F","United States",120,1603
Intercom,"SF Bay Area",Support,49,0.05,2022-09-07,"Series D","United States",240,1604
BitMEX,Non-U.S.,crypto,75,0.25,2022-04-04,Seed,Seychelles,0,1605
Intercom,"SF Bay Area",Support,124,0.13,2022-11-14,"Series D","United States",240,1606
BitOasis,Dubai,crypto,9,0.05,2022-06-19,"Series B","United Arab Emirates",30,1607
Crejo.Fun,Bengaluru,Education,170,1,2022-06-30,Seed,India,3,1608
Intersect,Toronto,Product,19,0.11,2020-05-13,Acquired,Canada,NULL,1609
CrowdStreet,Portland,"Real Estate",24,0.22,2020-06-01,"Series C","United States",24,1610
Bitpanda,Vienna,crypto,270,0.27,2022-06-24,"Series C",Austria,546,1611
Cruise,"SF Bay Area",Transportation,150,0.08,2020-05-14,Acquired,"United States",5300,1612
Intrinsic,"SF Bay Area",Other,40,0.2,2023-01-11,Acquired,"United States",NULL,1613
Crypto.com,Singapore,crypto,260,0.05,2022-06-10,Unknown,Singapore,156,1614
Introhive,Ferdericton,Sales,57,0.16,2022-07-20,"Series C",Canada,125,1615
Intuit,"SF Bay Area",Finance,715,0.07,2020-06-22,Post-IPO,"United States",18,1616
Crypto.com,Singapore,crypto,2000,0.3,2022-10-06,Unknown,Singapore,156,1617
"CS Disco",Austin,Legal,62,0.09,2023-01-19,Post-IPO,"United States",233,1618
Involves,FlorianÃ³polis,Retail,70,0.18,2022-07-13,Unknown,Brazil,23,1619
"iPrice Group","Kuala Lumpur",Retail,50,0.2,2022-06-08,Unknown,Malaysia,26,1620
CTO.ai,Vancouver,Infrastructure,30,0.5,2020-03-20,Seed,Canada,7,1621
"Culture Amp",Melbourne,HR,36,0.08,2020-05-28,"Series E",Australia,157,1622
"Iris Nova","New York City",Food,9,0.5,2020-03-30,Seed,"United States",15,1623
Juul,"SF Bay Area",Consumer,400,0.3,2022-11-10,Unknown,"United States",1500,1624
"Culture Trip",London,Media,95,0.32,2020-05-01,"Series B","United Kingdom",102,1625
Juul,"SF Bay Area",Consumer,900,0.3,2020-05-05,Unknown,"United States",1500,1626
IRL,"SF Bay Area",Consumer,25,0.25,2022-06-02,"Series C","United States",197,1627
CureFit,Bengaluru,Fitness,800,0.16,2020-05-04,"Series D",India,404,1628
Curve,London,Finance,65,0.1,2022-06-01,"Series C","United Kingdom",182,1629
iRobot,Boston,Consumer,85,0.07,2023-02-13,Acquired,"United States",30,1630
Forma.ai,Toronto,Sales,15,0.09,2022-07-20,"Series B",Canada,58,1631
Cvent,"Washington D.C.",Marketing,400,0.1,2020-05-21,Acquired,"United States",146,1632
iRobot,Boston,Consumer,140,0.1,2022-08-05,Acquired,"United States",30,1633
Cybereason,Boston,Security,100,0.06,2022-06-01,"Series F","United States",750,1634
Forto,Berlin,Logistics,60,0.08,2022-11-11,"Series D","United States",593,1635
Kabam,"SF Bay Area",Consumer,35,0.07,2022-11-09,Acquired,"United States",244,1636
"Iron Ox","SF Bay Area",Food,50,0.5,2022-11-02,"Series C","United States",103,1637
Forward,"SF Bay Area",Healthcare,10,0.03,2020-04-20,"Series C","United States",100,1638
Kaltura,"New York City",Media,75,0.11,2023-01-04,Post-IPO,"United States",166,1639
IronNet,"Washington D.C.",Security,55,0.17,2022-06-22,Post-IPO,"United States",410,1640
FourKites,Chicago,Logistics,60,0.08,2022-08-11,"Series D","United States",201,1641
IronNet,"Washington D.C.",Security,90,0.35,2022-06-22,Post-IPO,"United States",410,1642
Cybereason,Boston,Security,200,0.17,2022-10-26,"Series F","United States",750,1643
Katerra,"SF Bay Area",Construction,240,0.03,2020-04-02,"Series D","United States",1200,1644
CyCognito,"SF Bay Area",Security,30,0.15,2022-12-08,"Series C","United States",153,1645
Katerra,"SF Bay Area",Construction,400,0.07,2020-06-29,"Series E","United States",1300,1646
Foxtrot,Chicago,Food,26,0.035,2022-09-23,"Series C","United States",166,1647
D2iQ,"SF Bay Area",Infrastructure,34,0.13,2020-04-03,"Series D","United States",247,1648
Katerra,"SF Bay Area",Construction,2434,1,2021-06-01,Unknown,"United States",1600,1649
"Daily Harvest","New York City",Food,60,0.2,2022-02-10,"Series D","United States",120,1650
Freetrade,London,Finance,45,0.15,2022-06-10,Unknown,"United Kingdom",133,1651
"Kayak / OpenTable",Stamford,Travel,160,0.08,2020-04-29,Acquired,"United States",229,1652
"Jam City","Los Angeles",Consumer,200,0.17,2022-08-04,Unknown,"United States",652,1653
Freshbooks,Toronto,Finance,38,0.09,2020-04-21,"Series B",Canada,75,1654
KeepTruckin,"SF Bay Area",Logistics,349,0.18,2020-03-31,"Series D","United States",227,1655
Jama,Portland,Product,12,0.05,2020-03-25,Unknown,"United States",233,1656
Freshworks,"SF Bay Area",Support,90,0.02,2022-12-15,Post-IPO,"United States",484,1657
Kenoby,"Sao Paulo",Recruiting,18,0.16,2020-04-08,Unknown,Brazil,23,1658
JD.ID,Jakarta,Retail,200,0.3,2022-12-14,Post-IPO,Indonesia,5100,1659
Frontdesk,Milwaukee,Travel,35,0.16,2020-04-10,Unknown,"United States",3,1660
Khoros,Austin,Sales,120,0.1,2022-10-21,"Private Equity","United States",138,1661
FrontRow,Bengaluru,Education,130,0.75,2022-10-12,"Series A",India,17,1662
Numbrs,Zurich,Finance,62,0.5,2020-05-07,"Series B",Switzerland,78,1663
Kiavi,"SF Bay Area","Real Estate",39,0.07,2022-07-14,"Series E","United States",240,1664
FrontRow,Bengaluru,Education,145,0.3,2022-05-27,"Series A",India,17,1665
JetClosing,Seattle,"Real Estate",20,0.2,2020-04-27,"Series A","United States",24,1666
NuoDB,Boston,Data,20,0.29,2020-04-10,Unknown,"United States",85,1667
Kickstarter,"New York City",Finance,25,0.18,2020-05-13,Unknown,"United States",10,1668
Nuri,Berlin,Finance,45,0.2,2022-05-25,"Series B",Germany,42,1669
Jetty,"New York City",Finance,35,0.4,2020-04-03,"Series B","United States",40,1670
Fundbox,"SF Bay Area",Finance,14,0.15,2020-06-02,"Series C","United States",453,1671
Kinde,Sydney,Other,8,0.28,2023-02-20,Seed,Australia,10,1672
Nuro,"SF Bay Area",Transportation,300,0.2,2022-11-18,"Series D","United States",2100,1673
Jimdo,Hamburg,Other,50,0.16,2022-11-15,Unknown,Germany,28,1674
Fundbox,"SF Bay Area",Finance,150,0.42,2022-10-25,"Series D","United States",553,1675
Kitopi,Dubai,Food,93,0.1,2022-11-21,"Series C","United States",804,1676
Jiobit,Chicago,Consumer,6,0.21,2020-04-24,Unknown,"United States",12,1677
Nutanix,"SF Bay Area",Infrastructure,270,0.04,2022-08-09,Post-IPO,"United States",1100,1678
"Kitty Hawk","SF Bay Area",Aerospace,100,1,2022-09-21,Unknown,"United States",1,1679
"Funding Societies",Singapore,Finance,65,0.18,2020-04-16,"Series B",Singapore,42,1680
NYDIG,"New York City",crypto,110,0.33,2022-09-22,"Private Equity","United States",1400,1681
Klarna,Stockholm,Finance,700,0.1,2022-05-23,Unknown,Sweden,3700,1682
Nylas,"SF Bay Area",Product,80,0.25,2022-08-02,"Series C","United States",175,1683
"G/O Media Group","New York City",Media,14,0.05,2020-04-03,Unknown,"United States",NULL,1684
Klook,"Hong Kong",Travel,300,0.15,2020-04-20,"Series D","Hong Kong",521,1685
G2,Chicago,Marketing,17,0.05,2020-06-30,"Series C","United States",101,1686
"O'Reilly Media","SF Bay Area",Media,75,0.15,2020-03-25,Unknown,"United States",NULL,1687
Knock,"New York City","Real Estate",115,0.46,2022-03-15,Unknown,"United States",654,1688
Jobcase,Boston,Recruiting,39,0.2,2020-04-02,"Private Equity","United States",118,1689
Ocavu,Lehi,crypto,20,0.48,2022-11-10,"Series A","United States",11,1690
Knotel,"New York City","Real Estate",20,0.08,2020-10-29,"Series C","United States",560,1691
JOKR,"New York City",Food,50,0.05,2022-06-16,"Series B","United States",430,1692
Oda,Oslo,Food,70,0.06,2022-11-01,Unknown,Norway,479,1693
Knotel,"New York City","Real Estate",127,0.3,2020-03-27,"Series C","United States",560,1694
Oda,Oslo,Food,70,0.18,2022-11-01,Unknown,Norway,477,1695
Gather,"SF Bay Area",Consumer,30,0.33,2022-06-02,"Series B","United States",76,1696
Jumia,Lagos,Retail,900,0.2,2022-11-21,Post-IPO,Nigeria,1200,1697
"Kodiak Robotics","SF Bay Area",Transportation,15,0.2,2020-04-15,"Series A","United States",40,1698
Oda,Oslo,Food,70,0.18,2022-11-01,Unknown,Sweden,377,1699
Geekwire,Seattle,Media,5,0.31,2020-04-10,Unknown,"United States",NULL,1700
Jumio,"SF Bay Area",Security,100,0.06,2023-01-11,"Private Equity","United States",205,1701
Koho,Toronto,Finance,15,0.04,2022-11-17,"Series D",Canada,278,1702
Gem,"SF Bay Area",Recruiting,100,0.33,2022-11-01,"Series C","United States",148,1703
Okta,"SF Bay Area",Security,300,0.05,2023-02-02,Post-IPO,"United States",1200,1704
Koinly,London,crypto,16,0.14,2022-12-06,Unknown,"United Kingdom",NULL,1705
Ola,Bengaluru,Transportation,1400,0.35,2020-05-20,"Series J",India,3800,1706
KoinWorks,Jakarta,Finance,70,0.08,2022-11-04,Unknown,Indonesia,180,1707
Gemini,"New York City",crypto,100,0.1,2022-06-02,Unknown,"United States",423,1708
Jump,"New York City",Transportation,500,1,2020-05-07,Acquired,"United States",11,1709
"Komodo Health","SF Bay Area",Healthcare,23,0.09,2020-04-20,"Series C","United States",50,1710
Jumpcloud,Boulder,Security,100,0.12,2023-01-18,"Series F","United States",416,1711
"Komodo Health","SF Bay Area",Healthcare,78,0.09,2022-12-13,"Series E","United States",514,1712
Gemini,"New York City",crypto,68,0.07,2022-07-18,Unknown,"United States",423,1713
Kontist,Berlin,Finance,50,0.25,2022-05-25,"Series B",Germany,53,1714
Genesis,"New York City",crypto,52,0.2,2022-08-17,"Series A","United States",NULL,1715
Olive,Columbus,Healthcare,450,0.31,2022-07-19,"Series H","United States",856,1716
Kraken,"SF Bay Area",crypto,1100,0.3,2022-11-30,Unknown,"United States",134,1717
Juni,Gothenburg,Finance,72,0.33,2022-11-17,Unknown,Sweden,281,1718
Genesis,"New York City",crypto,60,0.3,2023-01-05,"Series A","United States",NULL,1719
"Olive AI",Columbus,Healthcare,215,0.35,2023-02-09,"Series H","United States",856,1720
Kry,Stockholm,Healthcare,100,0.1,2022-05-17,"Series D",Sweden,568,1721
"OLX Group",Amsterdam,Marketing,1500,0.15,2023-01-30,Acquired,Netherlands,NULL,1722
Getaround,"SF Bay Area",Transportation,100,0.25,2020-03-27,"Series D","United States",403,1723
Omie,"Sao Paulo",Finance,136,0.31,2020-04-09,"Series B",Brazil,26,1724
Kry,Stockholm,Healthcare,300,0.1,2022-10-31,"Series D",Sweden,568,1725
GetNinjas,"Sao Paulo",Consumer,11,0.1,2020-04-08,"Series B",Brazil,16,1726
"On Deck","SF Bay Area",Education,72,0.25,2022-05-05,"Series A","United States",20,1727
Kuda,Lagos,Finance,23,0.05,2022-09-02,"Series B",Nigeria,91,1728
GetYourGuide,Berlin,Travel,90,0.17,2020-10-14,"Series E",Germany,656,1729
"On Deck","SF Bay Area",Education,73,0.33,2022-08-04,"Series A","United States",20,1730
Kueski,Guadalajara,Finance,90,0.3,2020-04-20,"Series B",Mexico,38,1731
OneFootball,Berlin,Marketing,62,0.115,2022-12-09,"Series D",Germany,442,1732
Lacework,"SF Bay Area",Security,300,0.2,2022-05-25,"Series D","United States",1900,1733
GitLab,"SF Bay Area",Product,130,0.07,2023-02-09,Post-IPO,"United States",413,1734
OneFootball,Berlin,Marketing,150,0.32,2023-02-23,"Series D",Germany,442,1735
"Ladder Life","SF Bay Area",Finance,13,0.25,2020-03-23,"Series C","United States",94,1736
OneTrust,Atlanta,Legal,150,0.1,2020-04-09,"Series B","United States",410,1737
Gitpod,Kiel,Product,21,0.28,2023-01-24,"Series A",Germany,41,1738
"Lam Research","SF Bay Area",Hardware,1300,0.07,2023-01-25,Post-IPO,"United States",NULL,1739
Lastline,"SF Bay Area",Security,50,0.4,2020-06-04,"Series C","United States",52,1740
Glassdoor,"SF Bay Area",Recruiting,300,0.3,2020-05-07,Acquired,"United States",204,1741
Latch,"New York City",Security,30,0.06,2022-05-10,Post-IPO,"United States",342,1742
OneTrust,Atlanta,Security,950,0.25,2022-06-09,"Series C","United States",926,1743
Glints,Singapore,HR,198,0.18,2022-12-08,"Series D",Singapore,82,1744
OneWeb,London,Aerospace,451,0.85,2020-03-27,Unknown,"United Kingdom",3000,1745
Latch,"New York City",Security,115,0.37,2022-08-02,Post-IPO,"United States",342,1746
Glitch,"New York City",Product,18,0.36,2020-05-21,"Series A","United States",30,1747
Latch,"New York City",Security,130,0.28,2022-05-20,Post-IPO,"United States",342,1748
Glossier,"New York City",Consumer,80,0.33,2022-01-26,"Series E","United States",266,1749
Lattice,"SF Bay Area",HR,16,0.1,2020-05-15,"Series C","United States",49,1750
Lawgeex,"Tel Aviv",Legal,30,0.33,2022-09-06,"Series C",Israel,41,1751
Opencare,Toronto,Healthcare,18,0.25,2020-04-03,"Series A",Canada,24,1752
Glossier,"New York City",Retail,19,0.08,2022-08-02,"Series E","United States",266,1753
Opendoor,"SF Bay Area","Real Estate",550,0.18,2022-11-02,Post-IPO,"United States",1900,1754
LEAD,Mumbai,Education,80,0.04,2022-08-04,"Series E",India,166,1755
Glossier,"New York City",Retail,150,0.38,2020-08-07,"Series D","United States",186,1756
Opendoor,"SF Bay Area","Real Estate",600,0.35,2020-04-15,"Series E","United States",1500,1757
Glovo,Barcelona,Food,250,0.06,2023-01-30,Acquired,Spain,1200,1758
LeafLink,"New York City",Other,80,0.31,2022-12-15,"Series C","United States",379,1759
Openpay,Melbourne,Finance,83,1,2023-02-07,Post-IPO,Australia,299,1760
GoBear,Singapore,Finance,22,0.11,2020-09-01,Unknown,Singapore,97,1761
Leafly,Seattle,Retail,56,0.21,2022-10-18,Post-IPO,"United States",71,1762
OpenWeb,"Tel Aviv",Media,14,0.05,2022-06-15,"Series E",Israel,223,1763
Leafly,Seattle,Retail,91,0.5,2020-03-23,Acquired,"United States",2,1764
OpenX,"Los Angeles",Marketing,35,0.15,2020-04-28,Unknown,"United States",70,1765
GoBolt,Toronto,Logistics,55,0.05,2023-01-10,"Series C",Canada,178,1766
LearnUpon,Dublin,Education,27,0.09,2023-02-07,"Private Equity",Ireland,56,1767
Oportun,"SF Bay Area",Finance,155,0.1,2023-02-09,Post-IPO,"United States",566,1768
GoDaddy,Austin,Marketing,451,0.06,2020-06-24,Post-IPO,"United States",NULL,1769
Optimizely,"SF Bay Area",Marketing,60,0.15,2020-07-15,"Series D","United States",251,1770
GoDaddy,Phoenix,Marketing,530,0.08,2023-02-08,Post-IPO,"United States",800,1771
Legible,Vancouver,Media,23,0.38,2022-04-04,Post-IPO,Canada,3,1772
OrCam,Jerusalem,Healthcare,62,0.16,2022-10-23,Unknown,Israel,86,1773
Lemon,"Buenos Aires",crypto,100,0.38,2022-11-24,"Series A",Argentina,17,1774
Oriente,"Hong Kong",Finance,400,0.2,2020-05-04,"Series B","Hong Kong",175,1775
"Oscar Health","New York City",Healthcare,70,0.05,2020-04-23,Unknown,"United States",1300,1776
"Lending Club","SF Bay Area",Finance,225,0.14,2023-01-12,Post-IPO,"United States",392,1777
GoFundMe,"SF Bay Area",Finance,94,0.12,2022-10-26,"Series A","United States",NULL,1778
Otonomo,"Tel Aviv",Transportation,80,0.5,2022-12-08,Post-IPO,Israel,231,1779
"Lending Club","SF Bay Area",Finance,460,0.3,2020-04-21,Post-IPO,"United States",392,1780
GoHealth,Chicago,Healthcare,800,0.2,2022-08-09,Post-IPO,"United States",75,1781
OutboundEngine,Austin,Marketing,52,0.28,2020-03-25,"Series C","United States",48,1782
Gojek,Jakarta,Transportation,430,0.09,2020-06-23,"Series F",Indonesia,4800,1783
Outbrain,"New York City",Marketing,38,0.03,2022-07-26,Post-IPO,"United States",394,1784
Lendingkart,Ahmedabad,Finance,500,0.5,2020-05-15,Unknown,India,200,1785
Gong,"SF Bay Area",Sales,80,0.07,2023-02-08,"Series E","United States",583,1786
Lendis,Berlin,Other,18,0.15,2022-07-04,"Series A",Germany,90,1787
Outreach,Seattle,Sales,60,0.05,2022-08-02,"Series G","United States",489,1788
GoodRx,"Los Angeles",Healthcare,140,0.16,2022-08-31,Post-IPO,"United States",910,1789
Outreach,Seattle,Sales,70,0.07,2023-02-27,"Series G","United States",489,1790
Lev,"New York City","Real Estate",30,0.3,2022-12-07,"Series B","United States",114,1791
Outschool,"SF Bay Area",Education,31,0.18,2022-07-05,"Series D","United States",240,1792
Lever,"SF Bay Area",Recruiting,86,0.4,2020-04-08,"Series C","United States",72,1793
Outschool,"SF Bay Area",Education,43,0.25,2022-12-10,"Series D","United States",240,1794
Google,"SF Bay Area",Consumer,12000,0.06,2023-01-20,Post-IPO,"United States",26,1795
Liftoff,"SF Bay Area",Marketing,130,0.15,2022-11-09,Acquired,"United States",6,1796
Outside,Boulder,Media,87,0.15,2022-05-20,"Series B","United States",174,1797
Overtime,"New York City",Media,30,0.23,2020-03-25,"Series B","United States",35,1798
GoPro,"SF Bay Area",Consumer,200,0.2,2020-04-15,Post-IPO,"United States",288,1799
"Lighter Capital",Seattle,Finance,18,0.22,2020-04-24,"Series B","United States",15,1800
OwnBackup,"New York City",Security,170,0.17,2022-11-15,"Series E","United States",507,1801
Gopuff,Philadelphia,Food,450,0.03,2022-03-29,"Series H","United States",3400,1802
"Lighter Capital",Seattle,Finance,22,0.49,2020-07-20,"Series B","United States",15,1803
"Oye Rickshaw","New Delhi",Transportation,40,0.2,2022-06-29,Unknown,India,13,1804
Gopuff,Philadelphia,Food,1500,0.1,2022-07-12,"Series H","United States",3400,1805
Pacaso,"SF Bay Area","Real Estate",100,0.3,2022-10-11,"Series C","United States",217,1806
Gorillas,Berlin,Food,300,0.5,2022-05-24,"Series C",Germany,1300,1807
"Lighthouse Labs",Toronto,Education,14,0.07,2020-04-09,Unknown,Canada,NULL,1808
Packable,"New York City",Retail,138,0.2,2022-08-23,Unknown,"United States",472,1809
GoSpotCheck,Denver,Retail,23,0.2,2020-03-26,"Series B","United States",47,1810
Lightico,"Tel Aviv",Finance,20,0.25,2023-02-05,"Series B",Israel,42,1811
Pagaya,"New York City",Finance,140,0.2,2023-01-18,Post-IPO,"United States",571,1812
"GoTo Group",Jakarta,Transportation,1300,0.12,2022-11-10,Post-IPO,Indonesia,1300,1813
Lightricks,Jerusalem,Consumer,80,0.12,2022-07-04,"Series D",Israel,335,1814
Grab,Singapore,Transportation,360,0.05,2020-06-16,"Series I",Singapore,9900,1815
"Lightspeed Commerce",Montreal,Retail,300,0.1,2023-01-17,Post-IPO,Canada,1200,1816
Lime,"SF Bay Area",Transportation,80,0.13,2020-04-29,"Series D","United States",765,1817
PagBank,"Sao Paulo",Finance,500,0.07,2023-01-16,Post-IPO,Brazil,NULL,1818
Limelight,"New York City",Recruiting,13,1,2021-02-04,Unknown,"United States",NULL,1819
GrayMeta,"Los Angeles",Data,20,0.4,2020-03-23,Unknown,"United States",7,1820
PaisaBazaar,Gurugram,Finance,1500,0.5,2020-06-16,"Series G",India,496,1821
"Greenhouse Software","New York City",Recruiting,120,0.28,2020-04-17,"Series D","United States",110,1822
Palantir,Denver,Data,75,0.02,2023-02-27,Post-IPO,"United States.",3000,1823
LinkedIn,"SF Bay Area",Recruiting,960,0.06,2020-07-21,Acquired,"United States",154,1824
"Panda Squad","SF Bay Area",Consumer,6,0.75,2020-03-13,Seed,"United States",1,1825
Linkfire,Copenhagen,Marketing,35,0.35,2022-10-11,Seed,Denmark,2,1826
Parler,Nashville,Consumer,60,0.75,2023-01-10,"Series B","United States",36,1827
Parsable,"SF Bay Area",HR,40,0.25,2020-04-15,"Series C","United States",72,1828
Linktree,Melbourne,Consumer,50,0.17,2022-08-09,Unknown,Australia,165,1829
PartnerStack,Toronto,Sales,40,0.2,2023-01-24,"Series B",Canada,36,1830
Lithic,"New York City",Finance,27,0.18,2022-12-07,"Series C","United States",115,1831
PatientPop,"Los Angeles",Healthcare,100,0.2,2020-04-01,"Series B","United States",75,1832
Greenlight,Atlanta,Finance,104,0.21,2023-01-12,"Series D","United States",556,1833
Patreon,"SF Bay Area",Media,30,0.13,2020-04-21,"Series D","United States",165,1834
"Liv Up","Sao Paulo",Food,100,0.15,2022-02-16,"Series D",Brazil,118,1835
Patreon,"SF Bay Area",Media,80,0.17,2022-09-13,"Series F","United States",413,1836
Grin,Sacramento,Marketing,60,0.13,2022-11-30,"Series B","United States",145,1837
LivePerson,"New York City",Support,193,0.11,2022-09-15,Post-IPO,"United States",42,1838
"Pavilion Data","SF Bay Area",Infrastructure,96,0.96,2022-10-10,"Series D","United States",103,1839
"Group Nine Media","New York City",Media,50,0.07,2020-04-07,Unknown,"United States",190,1840
PayFit,Paris,HR,200,0.2,2023-03-01,"Series E",France,495,1841
Livspace,Bengaluru,Retail,450,0.15,2020-05-19,"Series D",India,157,1842
Groupon,Chicago,Retail,500,0.15,2022-08-08,Post-IPO,"United States",1400,1843
PayJoy,"SF Bay Area",Finance,27,0.25,2020-04-28,"Series B","United States",71,1844
Loft,"Sao Paulo","Real Estate",47,0.1,2020-04-17,"Series C",Brazil,263,1845
PayPal,"SF Bay Area",Finance,2000,0.07,2023-01-31,Post-IPO,"United States",216,1846
"Rubicon Project","Los Angeles",Marketing,50,0.08,2020-05-06,Post-IPO,"United States",60,1847
Groupon,Chicago,Retail,2800,0.44,2020-04-13,Post-IPO,"United States",1400,1848
Loft,"Sao Paulo","Real Estate",312,0.12,2022-12-07,Unknown,Brazil,788,1849
PayU,Amsterdam,Finance,150,0.06,2022-12-26,Acquired,Netherlands,NULL,1850
Loft,"Sao Paulo","Real Estate",340,0.15,2023-03-03,Unknown,Brazil,788,1851
Rubius,Boston,Healthcare,160,0.75,2022-09-13,Post-IPO,"United States",445,1852
Grover,Berlin,Retail,40,0.1,2022-12-07,Unknown,"United States",2300,1853
"Pear Therapeutics",Boston,Healthcare,59,0.22,2022-11-14,Post-IPO,"United States",409,1854
"Guardant Health","SF Bay Area",Healthcare,130,0.07,2023-01-25,Post-IPO,"United States",550,1855
"Pear Therapeutics",Boston,Healthcare,59,0.22,2022-11-16,Post-IPO,"United States",409,1856
"Pear Therapeutics",Boston,Healthcare,25,0.09,2022-07-25,Post-IPO,"United States",409,1857
GumGum,"Los Angeles",Marketing,90,0.25,2020-04-20,"Series D","United States",58,1858
"Pecan AI","Tel Aviv",Data,30,0.25,2023-01-05,"Series C",Israel,116,1859
Gusto,"SF Bay Area",HR,126,0.05,2023-02-08,"Series E","United States",746,1860
Peerspace,"SF Bay Area","Real Estate",41,0.75,2020-03-26,"Series B","United States",34,1861
Gympass,"Sao Paulo",Fitness,467,0.33,2020-04-03,"Series D",Brazil,300,1862
PeerStreet,"Los Angeles",Finance,51,0.3,2020-03-30,"Series C","United States",110,1863
Pegasystems,Boston,HR,245,0.04,2023-01-03,Post-IPO,"United States",NULL,1864
Rupeek,Bengaluru,Finance,180,0.15,2022-06-07,Unknown,India,172,1865
Peloton,"New York City",Fitness,500,0.12,2022-10-06,Post-IPO,"United States",1900,1866
Loft,"Sao Paulo","Real Estate",384,0.12,2022-07-05,Unknown,Brazil,788,1867
SafeGraph,"SF Bay Area",Data,27,0.25,2022-06-27,"Series B","United States",61,1868
Peloton,"New York City",Fitness,784,0.13,2022-08-12,Post-IPO,"United States",1900,1869
Loftium,Seattle,"Real Estate",32,0.6,2020-05-29,"Series A","United States",17,1870
"Sage Therapeutics",Boston,Healthcare,340,0.53,2020-04-07,Post-IPO,"United States",438,1871
Peloton,"New York City",Fitness,2800,0.2,2022-02-08,Post-IPO,"United States",1900,1872
Loftsmart,"New York City","Real Estate",25,0.75,2020-03-30,"Series A","United States",18,1873
Saks.com,"New York City",Retail,100,0.05,2023-01-19,Unknown,"United States",965,1874
Loggi,"Sao Paulo",Logistics,300,0.07,2023-02-06,"Series F",Brazil,507,1875
Tiendanube,"Buenos Aires",Marketing,50,0.05,2022-10-17,Unknown,Argentina,NULL,1876
Loggi,"Sao Paulo",Logistics,500,0.15,2022-08-08,"Series F",Brazil,507,1877
Pendo,Raleigh,Product,45,0.05,2022-09-07,"Series F","United States",469,1878
"Tier Mobility",Berlin,Transportation,80,0.07,2023-01-25,"Series D",Germany,646,1879
Salesforce,"SF Bay Area",Sales,1000,0.01,2022-11-07,Post-IPO,"United States",65,1880
People.ai,"SF Bay Area",Marketing,30,0.18,2020-04-17,"Series C","United States",100,1881
Salesforce,"SF Bay Area",Sales,1000,0.0185,2020-08-26,Post-IPO,"United States",65,1882
"Perimeter 81","Tel Aviv",Security,20,0.08,2022-12-06,"Series C",Israel,165,1883
"Loja Integrada","Sao Paulo",Retail,25,0.1,2022-08-25,Acquired,Brazil,NULL,1884
Perion,"Tel Aviv",Marketing,20,0.05,2022-08-08,Post-IPO,Israel,76,1885
"Tier Mobility",Berlin,Transportation,180,0.16,2022-08-23,"Series D",Germany,646,1886
Lokalise,Dover,Other,76,0.23,2022-11-16,"Series B","United States",56,1887
PerkSpot,Chicago,HR,10,0.1,2020-04-06,"Private Equity","United States",50,1888
TIFIN,Boulder,crypto,24,0.1,2022-06-14,"Series D","United States",204,1889
Loom,"SF Bay Area",Product,23,0.11,2022-10-20,"Series C","United States",203,1890
Permutive,London,Marketing,30,0.12,2022-08-10,"Series C","United Kingdom",105,1891
Salesforce,"SF Bay Area",Sales,8000,0.1,2023-01-04,Post-IPO,"United States",65,1892
Loom,"SF Bay Area",Product,34,0.14,2022-06-01,"Series C","United States",203,1893
Personetics,"New York City",Support,30,0.08,2023-01-05,"Private Equity","United States",178,1894
Salesloft,Atlanta,Sales,100,0.1,2023-02-07,Acquired,"United States",245,1895
Loop,"Washington D.C.",Finance,15,0.2,2022-08-24,"Series A","United States",24,1896
Philips,Amsterdam,Healthcare,4000,0.05,2022-10-24,Post-IPO,Netherlands,NULL,1897
Philips,Amsterdam,Healthcare,6000,0.13,2023-01-30,Post-IPO,Netherlands,NULL,1898
Loopio,Toronto,Sales,11,0.08,2020-05-04,"Series A",Canada,11,1899
PickYourTrail,Chennai,Travel,70,0.35,2020-05-21,"Series A",India,3,1900
LoopMe,London,Marketing,8,0.04,2020-04-09,Unknown,"United Kingdom",32,1901
"Pico Interactive","SF Bay Area",Other,400,0.2,2023-02-16,Acquired,"United States",62,1902
"Tilting Point","New York City",Consumer,60,0.14,2023-01-31,Unknown,"United States",235,1903
Lunchbox,"New York City",Food,60,0.33,2022-07-21,"Series B","United States",72,1904
Picsart,Miami,Consumer,90,0.08,2022-05-17,"Series C","United States",195,1905
Tipalti,"SF Bay Area",Finance,123,0.11,2023-01-11,"Series F","United States",565,1906
Luno,London,crypto,330,0.35,2023-01-25,Acquired,"United Kingdom",13,1907
Salsify,Boston,Retail,60,0.13,2020-04-03,"Series D","United States",97,1908
Toast,Boston,Food,1300,0.5,2020-04-07,"Series F","United States",902,1909
Lusha,"New York City",Marketing,30,0.1,2022-07-18,"Series B","United States",245,1910
Salsify,Boston,Retail,90,0.11,2022-11-16,"Series F","United States",452,1911
Tomo,Stamford,Finance,44,0.33,2022-05-31,"Series A","United States",110,1912
Lyft,"SF Bay Area",Transportation,60,0.02,2022-07-20,Post-IPO,"United States",4900,1913
Sami,"Sao Paulo",Healthcare,75,0.15,2022-06-14,Unknown,Brazil,36,1914
Tomorrow,Hamburg,Finance,30,0.25,2022-12-16,Unknown,Germany,29,1915
Samsara,"SF Bay Area",Logistics,300,0.18,2020-05-20,"Series F","United States",530,1916
TomTom,Amsterdam,Transportation,500,0.1,2022-06-01,Post-IPO,Netherlands,NULL,1917
Pier,"Sao Paulo",Finance,111,0.39,2023-01-12,"Series B",Brazil,42,1918
Sanar,"Sao Paulo",Healthcare,60,0.2,2022-06-10,Unknown,Brazil,11,1919
Pipedrive,Tallinn,Sales,143,0.15,2022-11-14,"Private Equity",Estonia,90,1920
Tonal,"SF Bay Area",Fitness,262,0.35,2022-07-13,"Series E","United States",450,1921
Pipl,Spokane,Security,22,0.13,2022-06-23,Unknown,"United States",19,1922
Tonkean,"SF Bay Area",Other,23,0.23,2022-06-15,"Series B","United States",83,1923
Pitch,Berlin,Marketing,59,0.3,2022-09-14,"Series B",Germany,137,1924
Lyft,"SF Bay Area",Transportation,700,0.13,2022-11-03,Post-IPO,"United States",4900,1925
Plaid,"SF Bay Area",Finance,260,0.2,2022-12-07,"Series D","United States",734,1926
Lyft,"SF Bay Area",Transportation,982,0.17,2020-04-29,Post-IPO,"United States",4900,1927
Lyst,London,Retail,50,0.25,2022-11-29,Unknown,"United Kingdom",144,1928
Planetly,Berlin,Other,200,1,2022-11-04,Acquired,Germany,5,1929
Plato,"SF Bay Area",HR,29,0.5,2022-08-23,Seed,"United States",3,1930
"Top Hat",Toronto,Education,16,0.03,2020-05-12,"Series D",Canada,104,1931
Playdots,"New York City",Consumer,65,1,2022-10-13,Acquired,"United States",10,1932
Tor,Boston,Security,13,0.37,2020-04-17,Unknown,"United States",1,1933
Playtika,"Tel Aviv",Consumer,250,0.06,2022-05-31,Post-IPO,Israel,NULL,1934
"Sandbox VR","SF Bay Area",Consumer,80,0.8,2020-05-01,"Series A","United States",82,1935
TouchBistro,Toronto,Food,131,0.23,2020-04-14,"Series E",Canada,224,1936
Playtika,"Tel Aviv",Consumer,600,0.15,2022-12-09,Post-IPO,Israel,NULL,1937
SAP,Walldorf,Other,3000,0.03,2023-01-26,Post-IPO,Germany,1300,1938
Transfix,"New York City",Logistics,24,0.1,2020-04-29,"Series D","United States",128,1939
Pleo,Copenhagen,Finance,150,0.15,2022-11-03,"Series C","United States",428,1940
"Transmit Security",Boston,Security,27,0.07,2022-07-05,"Series A","United States",583,1941
"Sauce Labs","SF Bay Area",Infrastructure,30,0.15,2020-04-02,Unknown,"United States",151,1942
Pliops,"Tel Aviv",Data,12,0.09,2022-08-16,"Series D",Israel,205,1943
MadeiraMadeira,Curitiba,Retail,60,0.03,2022-08-09,"Series E",Brazil,338,1944
Traveloka,Jakarta,Travel,100,0.1,2020-04-03,Unknown,Indonesia,NULL,1945
Plum,Bengaluru,Healthcare,36,0.1,2022-11-09,"Series A",India,20,1946
"Magic Leap",Miami,Consumer,1000,0.5,2020-04-22,"Series E","United States",2600,1947
TravelTriangle,Gurugram,Travel,250,0.5,2020-03-28,"Series D",India,47,1948
Mainstreet,"SF Bay Area",Finance,45,0.3,2022-05-04,"Series A","United States",64,1949
ScaleFactor,Austin,Finance,90,0.9,2020-06-23,"Series C","United States",103,1950
Pluralsight,"Salt Lake City",Education,400,0.2,2022-12-12,Acquired,"United States",192,1951
Trax,Singapore,Retail,80,0.08,2022-11-22,"Series E",Singapore,1000,1952
"Pocket Aces",Mumbai,Media,50,0.25,2023-02-06,Unknown,India,19,1953
ScaleFocus,Sofia,Infrastructure,120,0.1,2020-06-11,Unknown,Bulgaria,NULL,1954
Pocketmath,Singapore,Marketing,21,1,2021-01-20,Unknown,Singapore,20,1955
MakeMyTrip,Gurugram,Travel,350,0.1,2020-06-01,Post-IPO,India,548,1956
Scoop,"SF Bay Area",Transportation,92,0.33,2020-04-08,"Series C","United States",95,1957
SecureWorks,Atlanta,Security,212,0.09,2023-02-07,Post-IPO,"United States",83,1958
MakeMyTrip,"New Delhi",Travel,350,0.1,2020-08-31,Post-IPO,India,548,1959
PolicyGenius,"New York City",Finance,170,0.25,2022-06-02,"Series E","United States",286,1960
Segment,"SF Bay Area",Data,50,0.1,2020-05-06,"Series D","United States",283,1961
Trax,Singapore,Retail,100,0.12,2022-06-20,"Series E",Singapore,1000,1962
Malwarebytes,"SF Bay Area",Security,125,0.14,2022-08-17,"Series B","United States",80,1963
Pollen,London,Travel,69,0.31,2020-05-19,"Series B","United Kingdom",88,1964
Trax,"Tel Aviv",Retail,120,0.1,2020-05-03,"Series D",Israel,386,1965
Pollen,London,Travel,200,0.33,2022-05-10,"Series C","United Kingdom",238,1966
Marketforce,Nairobi,Retail,54,0.09,2022-08-11,"Series A",Kenya,42,1967
Treehouse,Portland,Education,41,0.9,2021-09-14,"Series B","United States",12,1968
Polly,Burlington,Finance,47,0.15,2022-12-02,"Series C","United States",184,1969
Trell,Bengaluru,Retail,300,0.5,2022-03-15,"Series B",India,62,1970
MasterClass,"SF Bay Area",Education,120,0.2,2022-06-22,"Series E","United States",461,1971
Polygon,Bengaluru,crypto,100,0.2,2023-02-21,Unknown,India,451,1972
Sema4,Stamford,Healthcare,250,0.13,2022-08-15,Post-IPO,"United States",791,1973
TripActions,"SF Bay Area",Travel,300,0.25,2020-03-25,"Series D","United States",981,1974
Matrixport,Singapore,crypto,29,0.1,2023-01-27,"Series C",Singapore,100,1975
TripAdvisor,Boston,Travel,900,0.25,2020-04-28,Post-IPO,"United States",3,1976
SEND,Sydney,Food,300,1,2022-05-04,Seed,Australia,3,1977
Matterport,"SF Bay Area",Data,90,0.34,2020-04-09,"Series D","United States",114,1978
Tripbam,Dallas,Travel,10,0.25,2020-04-03,Unknown,"United States",NULL,1979
Sendle,Sydney,Logistics,27,0.12,2022-07-04,"Series C",Australia,69,1980
Triplebyte,"SF Bay Area",Recruiting,15,0.17,2020-03-23,"Series B","United States",48,1981
Sendy,Nairobi,Logistics,30,0.1,2022-08-02,"Series B",Kenya,26,1982
TripleLift,"New York City",Marketing,23,0.07,2020-04-02,"Series B","United States",16,1983
Sendy,Nairobi,Logistics,54,0.2,2022-08-02,"Series B",Kenya,26,1984
TripleLift,"New York City",Marketing,100,0.2,2023-02-10,Acquired,"United States",16,1985
Sensibill,Toronto,Finance,17,0.2,2020-04-01,"Series B",Canada,50,1986
TrueCar,"Los Angeles",Transportation,219,0.3,2020-05-28,Post-IPO,"United States",340,1987
ServiceTitan,"Los Angeles",Sales,221,0.08,2023-02-15,"Series G","United States",1100,1988
TrueLayer,London,Finance,40,0.1,2022-09-16,"Series E","United States",271,1989
Shakepay,Montreal,crypto,21,0.25,2023-01-27,"Series A",Canada,45,1990
Truepill,"SF Bay Area",Healthcare,150,0.15,2022-06-08,"Series D","United States",255,1991
"Share Now",Berlin,Transportation,150,0.36,2022-12-09,Acquired,Germany,NULL,1992
Truepill,"SF Bay Area",Healthcare,175,0.33,2022-08-11,"Series D","United States",255,1993
ShareChat,Bengaluru,Consumer,500,0.2,2023-01-16,"Series H",India,1700,1994
Truiloo,Vancouver,Security,24,0.05,2022-09-23,"Series D",Canada,474,1995
ShareChat,Bengaluru,Marketing,101,0.25,2020-05-20,"Series D",India,222,1996
Trybe,"Sao Paulo",Education,47,0.1,2022-08-10,"Series B",Brazil,40,1997
Tufin,Boston,Security,55,0.1,2022-08-21,Acquired,"United States",21,1998
Shippo,"SF Bay Area",Logistics,60,0.2,2022-11-03,"Series E","United States",154,1999
Turnitin,"SF Bay Area",Education,51,0.05,2022-10-06,Acquired,"United States",NULL,2000
Shipsi,"Los Angeles",Retail,20,0.5,2020-04-28,Seed,"United States",2,2001
Turo,"SF Bay Area",Transportation,108,0.3,2020-03-31,"Series E","United States",467,2002
Shogun,"SF Bay Area",Retail,48,0.3,2022-08-09,"Series C","United States",114,2003
TuSimple,"San Diego",Transportation,350,0.25,2022-12-21,Post-IPO,"United States",648,2004
Shop101,Mumbai,Retail,200,0.4,2020-04-15,"Series C",India,19,2005
TutorMundi,"Sao Paulo",Education,4,1,2020-04-24,"Series A",Brazil,2,2006
Shopify,Ottawa,Retail,1000,0.1,2022-07-26,Post-IPO,Canada,122,2007
Twiga,Nairobi,Food,211,0.21,2022-11-16,"Series C",Kenya,157,2008
Showpad,Chicago,Marketing,52,0.12,2020-04-01,"Series D","United States",159,2009
Twilio,"SF Bay Area",Other,800,0.11,2022-09-14,Post-IPO,"United States",614,2010
"Sidecar Health","Los Angeles",Healthcare,110,0.4,2022-06-28,"Series C","United States",163,2011
Twilio,"SF Bay Area",Other,1500,0.17,2023-02-13,Post-IPO,"United States.",614,2012
SimilarWeb,"New York City",Other,120,0.1,2022-11-16,Post-IPO,"United States",235,2013
"Twine Solutions","Tel Aviv",Hardware,30,0.33,2023-01-05,Unknown,Israel,50,2014
"Simple Feast",Copenhagen,Food,150,1,2022-09-07,Unknown,Denmark,173,2015
Twitter,"SF Bay Area",Consumer,200,0.1,2023-02-25,Post-IPO,"United States",12900,2016
SIRCLO,Jakarta,Retail,160,0.08,2022-11-22,"Series B",Indonesia,92,2017
Twitter,"SF Bay Area",Consumer,3700,0.5,2022-11-04,Post-IPO,"United States",12900,2018
SirionLabs,Seattle,Legal,130,0.15,2023-01-25,"Series D","United States",171,2019
UalÃ¡,"Buenos Aires",Finance,53,0.03,2022-11-30,"Series D",Argentina,544,2020
Uber,Amsterdam,Transportation,225,0.25,2020-06-12,Post-IPO,Netherlands,24700,2021
SiriusXM,"New York City",Media,475,0.08,2023-03-06,Post-IPO,"United States",525,2022
Uber,Bengaluru,Transportation,600,0.23,2020-05-26,Post-IPO,India,24700,2023
Sisense,"New York City",Data,80,0.09,2020-04-23,"Series F","United States",274,2024
Uber,"SF Bay Area",Transportation,3000,0.13,2020-05-18,Post-IPO,"United States",24700,2025
Skai,"Tel Aviv",Marketing,30,0.04,2022-07-27,"Series E",Israel,60,2026
Uber,"SF Bay Area",Transportation,3700,0.14,2020-05-06,Post-IPO,"United States",24700,2027
Skedulo,"SF Bay Area",HR,31,0.08,2022-08-23,"Series C","United States",114,2028
"Uber Freight","SF Bay Area",Logistics,150,0.03,2023-01-23,Subsidiary,"United States",2700,2029
Skillz,"SF Bay Area",Consumer,70,0.1,2022-05-20,Post-IPO,"United States",287,2030
Uberflip,Toronto,Marketing,31,0.17,2022-08-05,"Series A",Canada,42,2031
Udaan,Bengaluru,Retail,180,0.04,2022-06-27,Unknown,India,1500,2032
"Pomelo Fashion",Bangkok,Retail,55,0.08,2022-09-08,Unknown,Thailand,120,2033
Udacity,"SF Bay Area",Education,55,0.13,2022-10-11,Unknown,"United States",235,2034
Skyscanner,Edinburgh,Travel,300,0.2,2020-07-14,Acquired,"United Kingdom",197,2035
Postmates,"SF Bay Area",Food,180,0.15,2021-01-23,Acquired,"United States",763,2036
Preply,Boston,Education,26,0.05,2022-06-09,"Series C","United States",100,2037
Primer,London,Finance,85,0.33,2022-12-09,"Series B","United Kingdom",73,2038
SkySlope,Sacramento,"Real Estate",50,0.25,2020-03-31,Acquired,"United States",NULL,2039
Procore,"Los Angeles",Construction,180,0.09,2020-07-28,Unknown,"United States",649,2040
Productboard,"SF Bay Area",Product,100,0.2,2022-11-15,"Series D","United States",NULL,2041
Udayy,Gurugram,Education,100,1,2022-06-01,Seed,India,2,2042
Project44,Chicago,Logistics,63,0.05,2022-07-15,Unknown,"United States",817,2043
UiPath,"New York City",Data,210,0.05,2022-06-27,Post-IPO,"United States",2000,2044
Protocol,"SF Bay Area",Media,60,1,2022-11-15,Acquired,"United States",NULL,2045
UiPath,"New York City",Data,241,0.06,2022-11-15,Post-IPO,"United States",2000,2046
Maven,Seattle,Media,31,0.09,2020-03-30,Post-IPO,"United States",77,2047
Ula,Jakarta,Retail,134,0.23,2022-11-30,"Series B",Indonesia,140,2048
SmartNews,Tokyo,Media,120,0.4,2023-01-12,"Series F","United States",410,2049
MaxMilhas,"Belo Horizonte",Travel,167,0.42,2020-04-03,Unknown,Brazil,NULL,2050
Unacademy,Bengaluru,Education,150,0.03,2022-06-18,"Series H",India,838,2051
Smartsheet,Seattle,Other,85,0.03,2023-02-16,Post-IPO,"United States",152,2052
"Me Poupe","Sao Paulo",Finance,60,0.5,2023-01-28,Unknown,Brazil,NULL,2053
"Protocol Labs","SF Bay Area",crypto,89,0.2,2023-02-03,Unknown,"United States",10,2054
Unacademy,Bengaluru,Education,350,0.1,2022-11-07,"Series H",India,838,2055
Puppet,Portland,Infrastructure,50,0.1,2020-03-26,"Series F","United States",149,2056
Smava,Berlin,Finance,100,0.1,2022-08-31,Unknown,Germany,188,2057
Unacademy,Bengaluru,Education,1000,0.17,2022-04-07,"Series H",India,838,2058
Q4,Toronto,Other,50,0.08,2022-08-23,"Series C",Canada,91,2059
Smava,Berlin,Finance,100,0.15,2022-11-02,Unknown,Germany,188,2060
Unbabel,Lisbon,Support,80,0.35,2020-04-08,"Series C",Portugal,91,2061
Qualtrics,"Salt Lake City",Other,270,0.05,2023-01-11,Post-IPO,"United States",400,2062
MediaMath,"New York City",Marketing,53,0.08,2020-04-07,"Private Equity","United States",607,2063
Snap,"Los Angeles",Consumer,1280,0.2,2022-08-31,Post-IPO,"United States",4900,2064
Quandoo,Berlin,Food,87,0.2,2021-02-03,Acquired,Germany,39,2065
Unbounce,Vancouver,Marketing,47,0.2,2022-08-03,"Series A",Canada,39,2066
Meero,Paris,Other,350,0.5,2022-05-09,"Series C",France,293,2067
Quantcast,"SF Bay Area",Marketing,30,0.05,2020-04-08,"Series C","United States",65,2068
Uncapped,London,Finance,29,0.26,2022-05-27,Unknown,"United Kingdom",118,2069
Snappy,"New York City",Marketing,100,0.3,2023-01-15,"Series C","United States",104,2070
Meesho,Bengaluru,Retail,200,0.28,2020-04-08,"Series D",India,215,2071
Unico,"Sao Paulo",Other,50,0.04,2022-10-24,"Series D",Brazil,336,2072
Snyk,Boston,Security,198,0.14,2022-10-24,"Series F","United States",849,2073
Unico,"Sao Paulo",Other,110,0.1,2023-01-17,"Series D",Brazil,336,2074
Quantcast,"SF Bay Area",Marketing,40,0.06,2022-07-29,"Series C","United States",65,2075
Socure,Reno,Finance,69,0.13,2022-06-17,"Series E","United States",646,2076
Mejuri,Toronto,Retail,36,0.15,2020-04-09,"Series B",Canada,28,2077
Quanterix,Boston,Healthcare,130,0.25,2022-08-09,Post-IPO,"United States",533,2078
Socure,Reno,Finance,104,0.19,2023-01-05,"Series E","United States",646,2079
Mejuri,Toronto,Retail,50,0.1,2022-08-05,"Series B",Canada,28,2080
SoFi,"SF Bay Area",Finance,112,0.07,2020-05-20,"Private Equity","United States",2500,2081
Merative,"Ann Arbor",Healthcare,200,0.1,2023-02-23,Acquired,"United States",NULL,2082
Quanto,"Sao Paulo",Finance,28,0.22,2022-07-22,"Series A",Brazil,15,2083
"Software AG",Frankfurt,Data,200,0.04,2023-01-31,Post-IPO,Germany,344,2084
Uniphore,"SF Bay Area",Support,76,0.1,2023-01-03,"Series E","United States",620,2085
Quartz,"New York City",Media,80,0.4,2020-05-14,Acquired,"United States",NULL,2086
Sojern,"SF Bay Area",Marketing,300,0.5,2020-04-03,"Series D","United States",162,2087
Unison,"SF Bay Area",Finance,89,0.45,2020-04-08,"Series B","United States",40,2088
Quidax,Lagos,crypto,20,0.2,2022-11-24,Unknown,Nigeria,3,2089
Unity,"SF Bay Area",Other,200,0.04,2022-06-29,Post-IPO,"United States",1300,2090
QuintoAndar,"Sao Paulo","Real Estate",88,0.08,2020-04-17,"Series D",Brazil,335,2091
Unity,"SF Bay Area",Other,284,0.03,2023-01-17,Post-IPO,"United States",1300,2092
QuintoAndar,"Sao Paulo","Real Estate",160,0.04,2022-04-19,"Series E",Brazil,755,2093
Mercos,Joinville,Sales,51,0.4,2020-05-13,Unknown,Brazil,2,2094
"Unstoppable Domains","SF Bay Area",crypto,42,0.25,2022-07-14,"Series B","United States",7,2095
Meta,"SF Bay Area",Consumer,11000,0.13,2022-11-09,Post-IPO,"United States",26000,2096
Soluto,"Tel Aviv",Support,120,1,2022-07-24,Acquired,Israel,18,2097
UpScalio,Gurugram,Retail,25,0.15,2023-01-05,"Series B",India,62,2098
Sonder,"SF Bay Area",Travel,100,0.14,2023-03-01,Post-IPO,"United States",839,2099
UPshow,Chicago,Marketing,19,0.3,2020-04-24,"Series A","United States",7,2100
Metigy,Sydney,Marketing,75,1,2022-07-31,"Series B",Australia,18,2101
Upstart,"SF Bay Area",Finance,140,0.07,2022-11-01,Post-IPO,"United States",144,2102
Metromile,"SF Bay Area",Finance,60,0.2,2022-07-28,Acquired,"United States",510,2103
Upstart,"SF Bay Area",Finance,365,0.2,2023-01-31,Post-IPO,"United States",144,2104
Sonder,"SF Bay Area",Travel,250,0.21,2022-06-08,Post-IPO,"United States",839,2105
Qumulo,Seattle,Data,80,0.19,2022-06-29,"Series E","United States",347,2106
"Urban Sports Club",Berlin,Fitness,55,0.15,2022-09-01,Unknown,Germany,95,2107
"Rad Power Bikes",Seattle,Transportation,63,0.1,2022-07-21,"Series D","United States",329,2108
Sonder,"SF Bay Area",Travel,400,0.33,2020-03-24,"Series D","United States",359,2109
Metromile,"SF Bay Area",Finance,100,0.33,2020-04-06,"Series E","United States",293,2110
Usermind,Seattle,Marketing,15,0.25,2020-04-01,"Series C","United States",46,2111
"Rad Power Bikes",Seattle,Transportation,100,0.14,2022-04-12,"Series D","United States",329,2112
MFine,Bengaluru,Healthcare,600,0.75,2022-05-21,"Series C",India,97,2113
Sonos,"New York City",Consumer,174,0.12,2020-06-24,Post-IPO,"United States",455,2114
uShip,Austin,Logistics,65,0.37,2020-03-31,"Series D","United States",69,2115
Microsoft,Seattle,Other,10000,0.05,2023-01-18,Post-IPO,"United States",1,2116
Sophos,Oxford,Security,450,0.1,2023-01-18,Acquired,"United States",125,2117
Rangle,Toronto,Product,78,0.3,2020-03-25,Unknown,Canada,NULL,2118
MindBody,"San Luis Obispo",Fitness,400,0.15,2022-10-26,Post-IPO,"United States",114,2119
MindBody,"San Luis Obispo",Fitness,700,0.35,2020-04-02,Post-IPO,"United States",114,2120
Vacasa,Portland,Travel,1300,0.17,2023-01-24,Post-IPO,"United States",834,2121
SoundHound,"SF Bay Area",Other,45,0.1,2022-11-10,Post-IPO,"United States",326,2122
Rasa,Berlin,Data,59,0.4,2022-03-30,"Series B",Germany,40,2123
Minted,"SF Bay Area",Retail,147,0.37,2020-04-03,"Series E","United States",297,2124
Validity,Boston,Data,130,0.33,2020-05-06,"Private Equity","United States",NULL,2125
SoundHound,"SF Bay Area",Other,200,0.5,2023-01-05,Post-IPO,"United States",326,2126
Varonis,"New York City",Security,110,0.05,2022-11-06,Post-IPO,"United States",30,2127
Sourcegraph,"SF Bay Area",Product,24,0.08,2022-06-21,"Series D","United States",248,2128
Reali,"SF Bay Area","Real Estate",140,1,2022-08-24,"Series B","United States",117,2129
Vedantu,Bengaluru,Education,200,0.03,2022-05-05,"Series E",India,292,2130
Vedantu,Bengaluru,Education,424,0.07,2022-05-18,"Series E",India,292,2131
Spin,"SF Bay Area",Transportation,78,0.1,2022-09-30,Acquired,"United States",8,2132
RealSelf,Seattle,Healthcare,11,0.05,2022-07-21,"Series B","United States",42,2133
Vee,"Tel Aviv",HR,16,0.32,2022-07-31,Seed,Israel,15,2134
RealSelf,Seattle,Healthcare,40,0.13,2020-04-21,"Series B","United States",42,2135
Splunk,"SF Bay Area",Data,70,0.01,2020-06-16,Post-IPO,"United States",40,2136
Vee,"Tel Aviv",HR,17,0.5,2022-10-25,Seed,Israel,15,2137
Recharge,"Los Angeles",Finance,84,0.17,2022-10-27,"Series B","United States",277,2138
"Minute Media",London,Media,50,0.1,2023-01-08,"Series I","United Kingdom",160,2139
Veev,"SF Bay Area","Real Estate",100,0.3,2022-11-11,"Series D","United States",597,2140
"Redesign Health","New York City",Healthcare,67,0.2,2022-10-10,"Series C","United States",315,2141
Splunk,"SF Bay Area",Data,325,0.04,2023-02-01,Post-IPO,"United States",2400,2142
Vendease,Lagos,Food,27,0.09,2022-11-25,"Series A",Nigeria,43,2143
SpotHero,Chicago,Transportation,40,0.21,2020-06-03,"Series D","United States",117,2144
Venngage,Toronto,Marketing,11,0.2,2023-01-24,Unknown,Canada,NULL,2145
Redfin,Seattle,"Real Estate",236,0.07,2020-04-07,Post-IPO,"United States",319,2146
Miro,"SF Bay Area",Other,119,0.07,2023-02-02,"Series C","United States",476,2147
Spotify,Stockholm,Media,600,0.06,2023-01-23,Post-IPO,Sweden,2100,2148
Verbit,"New York City",Data,80,0.1,2022-07-05,"Series E","United States",569,2149
"Misfits Market",Philadelphia,Food,649,0.33,2023-02-09,"Series C","United States",526,2150
Springbig,Miami,Sales,37,0.23,2022-12-01,Post-IPO,"United States",32,2151
Redfin,Seattle,"Real Estate",470,0.08,2022-06-14,Post-IPO,"United States",319,2152
Veriff,Tallinn,Security,63,0.21,2020-05-04,"Series A",Estonia,7,2153
Redfin,Seattle,"Real Estate",862,0.13,2022-11-09,Post-IPO,"United States",320,2154
Mixpanel,"SF Bay Area",Data,65,0.19,2020-05-12,"Series B","United States",77,2155
Sprinklr,"New York City",Support,100,0.04,2023-02-15,Post-IPO,"United States",429,2156
Veriff,Tallinn,Security,66,0.12,2023-02-09,"Series C",Estonia,192,2157
"Mobile Premier League",Bengaluru,Consumer,100,0.1,2022-05-30,"Series E",India,375,2158
Verily,"SF Bay Area",Healthcare,250,0.15,2023-01-11,NULL,"United States",3500,2159
Redox,Madison,Healthcare,44,0.25,2020-06-16,"Series C","United States",50,2160
Spyce,Boston,Food,4,0.12,2020-04-08,"Series A","United States",26,2161
Moglix,Singapore,Retail,40,0.02,2023-01-05,"Series F",Singapore,472,2162
"VerSe Innovation",Bengaluru,Media,150,0.05,2022-11-25,"Series J",India,1700,2163
Mogo,Vancouver,Finance,78,0.3,2020-03-27,Post-IPO,Canada,201,2164
SQream,"New York City",Data,30,0.18,2022-07-06,"Series B","United States",77,2165
VerticalScope,Toronto,Media,60,0.22,2023-02-01,Post-IPO,Canada,NULL,2166
"REE Automotive","Tel Aviv",Transportation,31,0.11,2023-02-09,Post-IPO,Israel,317,2167
"Vesalius Therapeutics",Boston,Healthcare,29,0.43,2022-09-19,"Series B","United States",75,2168
SSense,Montreal,Retail,138,0.07,2023-01-27,"Series A",Canada,NULL,2169
Reef,Miami,Transportation,750,0.05,2022-05-06,Unknown,"United States",1500,2170
Vezeeta,Dubai,Healthcare,50,0.1,2022-06-28,"Series D","United Arab Emirates",71,2171
Relativity,Chicago,Legal,150,0.1,2022-12-07,"Private Equity","United States",125,2172
Moladin,Jakarta,Transportation,360,0.11,2023-02-12,"Series B",Indonesia,138,2173
Viant,"Los Angeles",Marketing,46,0.13,2022-12-13,Post-IPO,"United States",NULL,2174
"Stack Overflow","New York City",Recruiting,40,0.15,2020-05-05,"Series D","United States",68,2175
Viber,Luxembourg,Consumer,45,0.08,2022-11-15,Acquired,Luxembourg,NULL,2176
Momentive,"SF Bay Area",Marketing,180,0.11,2022-10-10,Post-IPO,"United States",1100,2177
Starry,Boston,Other,100,0.24,2023-01-18,Post-IPO,"United States",260,2178
Monzo,London,Finance,120,0.08,2020-06-03,"Series F","United Kingdom",324,2179
Stash,"New York City",Finance,32,0.08,2022-12-06,Unknown,"United States",480,2180
Moovel,Portland,Transportation,28,0.37,2020-04-01,Unknown,"United States",NULL,2181
Relevel,Bengaluru,HR,40,0.2,2023-01-10,NULL,India,NULL,2182
"Stash Financial","New York City",Finance,40,0.08,2022-06-30,Unknown,"United States",480,2183
Moss,Berlin,Fin-Tech,70,0.15,2022-09-23,"Series B",Germany,150,2184
Remote,"SF Bay Area",HR,100,0.09,2022-07-06,"Series C","United States",496,2185
Stashaway,Singapore,Finance,31,0.14,2022-06-09,"Series D",Singapore,61,2186
Motive,"SF Bay Area",Transportation,237,0.06,2022-12-07,"Series F","United States",567,2187
"Stay Alfred",Spokane,Travel,221,1,2020-05-20,"Series B","United States",62,2188
Stedi,Boulder,Product,23,0.3,2022-08-02,"Series B","United States",75,2189
Movidesk,Blumenau,Support,33,0.25,2020-04-20,Seed,Brazil,1,2190
"Remote Year",Chicago,Travel,50,0.5,2020-03-19,"Series B","United States",17,2191
Mozilla,"SF Bay Area",Consumer,250,0.25,2020-08-11,Unknown,"United States",2,2192
Renmoney,Lagos,Finance,391,0.5,2020-04-28,Unknown,Nigeria,NULL,2193
Mural,"SF Bay Area",Product,90,0.1,2022-05-05,"Series C","United States",192,2194
